"","degree","normalised.degree","species.strength","interaction.push.pull","nestedrank","PDI","resource.range","species.specificity.index","PSI","node.specialisation.index.NSI","betweenness","weighted.betweenness","closeness","weighted.closeness","Fisher.alpha","partner.diversity","effective.partners","proportional.generality","proportional.similarity","d"
"Booted Racket-tail",2,0.4,0.642857142857143,-0.178571428571429,0.2,0.75,0.75,0.612372435695795,0.321428571428571,1.8,0.285714285714286,0.285714285714286,0.170940170940171,0.0423529411764706,NA,0.693147180559945,2,0.455001371696705,0.391304347826087,0.321896406445989
"Green-crowned Woodnymph",1,0.2,0.857142857142857,-0.142857142857143,0.6,1,1,1,0.857142857142857,2.6,0,0,0.123931623931624,0.0428571428571429,NA,0,1,0.227500685848353,0.304347826086957,0.87580459655229
"Stripe-throated Hermit",2,0.4,0.666666666666667,-0.166666666666667,0.4,0.916666666666667,0.75,0.728868986855663,0.416666666666667,1.4,0.428571428571429,0.428571428571429,0.205128205128205,0.0493150684931507,NA,0.562335144618808,1.75476535060332,0.399210320765181,0.173913043478261,0.416364813512704
"Tawny-bellied Hermit",3,0.6,2.35714285714286,0.452380952380952,0,0.75,0.5,0.53683744694688,0.886904761904762,1.6,0.285714285714286,0.285714285714286,0.196581196581197,0.0837209302325581,NA,0.918427784993098,2.5053483456112,0.569968466915584,0.605072463768116,0.789839671867826
"Violet-tailed Sylph",1,0.2,0.142857142857143,-0.857142857142857,0.8,1,1,1,0.142857142857143,2.4,0,0,0.132478632478632,0.05,NA,0,1,0.227500685848353,0.304347826086957,0
"White-whiskered Hermit",1,0.2,0.333333333333333,-0.666666666666667,1,1,1,1,0.333333333333333,1.8,0,0,0.170940170940171,0.05625,NA,0,1,0.227500685848353,0.0869565217391304,0.532778834292323
