"","degree","normalised.degree","species.strength","interaction.push.pull","nestedrank","PDI","species.specificity.index","resource.range","PSI","node.specialisation.index.NSI","betweenness","weighted.betweenness","closeness","weighted.closeness","Fisher.alpha","partner.diversity","effective.partners","proportional.similarity","proportional.generality","d"
"Centropogon solanifolius",1,0.166666666666667,0.416666666666667,-0.583333333333333,1,1,1,1,1,1.75,0,0,0.197674418604651,0.0469043151969981,NA,0,1,0.521739130434783,0.270791157992368,0.341137534059854
"Columnea ciliata",3,0.5,1.33333333333333,0.111111111111111,0,0.8,0.516397779494322,0.6,1,1.25,0.571428571428571,0.571428571428571,0.244186046511628,0.040650406504065,NA,1.01140426470735,2.74945927399721,0.58695652173913,0.744529260658559,0.310910721541357
"Columnea strigosa",2,0.333333333333333,1.5,0.25,0.25,0.966666666666667,0.840310923991585,0.8,1,1.75,0,0,0.197674418604651,0.0477200424178155,NA,0.410116318288409,1.50699306577254,0.565217391304348,0.408080397367014,0.433158124122667
"Gasteranthus quitensis",2,0.333333333333333,1.25,0.125,0.75,0.8,0.632455532033676,0.8,1,1.5,0.428571428571429,0.428571428571429,0.209302325581395,0.0609756097560976,NA,0.693147180559945,2,0.144927536231884,0.541582315984736,0.77065564023095
"Palicourea demissa",2,0.333333333333333,1.5,0.25,0.5,0.966666666666667,0.840310923991585,0.8,1,2.25,0,0,0.151162790697674,0.040650406504065,NA,0.410116318288409,1.50699306577254,0.347826086956522,0.408080397367014,0.905526354020444
