"","degree","normalised.degree","species.strength","interaction.push.pull","nestedrank","PDI","resource.range","species.specificity.index","PSI","node.specialisation.index.NSI","betweenness","weighted.betweenness","closeness","weighted.closeness","Fisher.alpha","partner.diversity","effective.partners","proportional.generality","proportional.similarity","d"
"Booted Racket-tail",4,0.666666666666667,2.85137085137085,0.462842712842713,0,0.752173913043478,0.4,0.432382322276927,0.691491895375391,1.16666666666667,0,0.5,0.148648648648649,0.284138039741102,NA,1.23710628408867,3.44562835509923,0.690730188466699,0.74126213592233,0.420568778917389
"Brown Inca",2,0.333333333333333,0.365079365079365,-0.317460317460317,0.833333333333333,0.911111111111111,0.8,0.699111862615493,0.240537240537241,1.16666666666667,0,0,0.148648648648649,0.055737688163856,NA,0.617241769730342,1.85380775496353,0.371624809179431,0.364285714285714,0.21387908997689
"Buff-tailed Coronet",3,0.5,0.836940836940837,-0.0543530543530544,0.166666666666667,0.928888888888889,0.6,0.710386717095592,0.546897546897547,1.16666666666667,0,0.166666666666667,0.148648648648649,0.0748223611611168,NA,0.722941580868394,2.06048538919396,0.413056579101037,0.412295081967213,0.411765002965074
"Sparkling Violetear",2,0.333333333333333,0.581529581529582,-0.209235209235209,0.333333333333333,0.946666666666667,0.8,0.775311571718749,0.385585175058859,1.16666666666667,0,0,0.148648648648649,0.178048233743094,NA,0.514653165428929,1.67305812675851,0.335390714294946,0.524812030075188,0.254106213484133
"Tawny-bellied Hermit",2,0.333333333333333,0.515873015873016,-0.242063492063492,0.666666666666667,0.977777777777778,0.8,0.885437744847146,0.451587301587302,1,1,0.333333333333333,0.162162162162162,0.0122762148337596,NA,0.325082973391448,1.38414548846169,0.277473649384029,0.185714285714286,0.449863477124214
"Violet-tailed Sylph",2,0.333333333333333,0.349206349206349,-0.325396825396825,0.5,0.911111111111111,0.8,0.699111862615493,0.217338217338217,1.16666666666667,0,0,0.148648648648649,0.0498249957462532,NA,0.617241769730342,1.85380775496353,0.371624809179431,0.45,0
"White-whiskered Hermit",1,0.166666666666667,0.5,-0.5,1,1,1,1,0.5,1.83333333333333,0,0,0.0945945945945946,0.0110726643598616,NA,0,1,0.200465667588462,0.0857142857142857,0.652109673481219
