"","degree","normalised.degree","species.strength","interaction.push.pull","nestedrank","PDI","species.specificity.index","resource.range","PSI","node.specialisation.index.NSI","betweenness","weighted.betweenness","closeness","weighted.closeness","Fisher.alpha","partner.diversity","effective.partners","proportional.similarity","proportional.generality","d"
"Besleria solanoides",6,0.857142857142857,1.43808664341346,0.0730144405689108,0,0.938405797101449,0.693888666488711,0.166666666666667,1,1,0.833333333333333,0.964285714285714,0.208333333333333,0.0335286301803227,NA,0.951534682920796,2.58968095032493,0.757936507936508,0.578566579225701,0.0112440571715523
"Columnea mastersonii",2,0.285714285714286,1.9,0.45,0.6,0.833333333333333,0.645497224367903,0.833333333333333,1,1.8,0,0,0.125,0.0525685312758336,NA,0.693147180559945,2,0.0904761904761905,0.446824601426757,0.972830284532702
"Meriania tomentosa",2,0.285714285714286,1.43001261034048,0.21500630517024,0.4,0.933333333333333,0.723746864455746,0.833333333333333,1,1.6,0,0,0.145833333333333,0.0338902982370121,NA,0.598269588585257,1.81896851165317,0.207142857142857,0.406379940113626,0.791395233924876
"Psammisia sodiroi",1,0.142857142857143,0.174757281553398,-0.825242718446602,1,1,1,1,1,1.4,0,0,0.166666666666667,0.0284835164835165,NA,0,1,0.490476190476191,0.223412300713379,0.100351980519865
"Sarcopera anomala",3,0.428571428571429,1.27745713160827,0.0924857105360888,0.2,0.8,0.570148112794751,0.666666666666667,1,1.2,0.166666666666667,0.0357142857142857,0.1875,0.0325590955806783,NA,0.934769897858279,2.54662740589544,0.726406926406926,0.568947887810844,0.173146982355164
"Tillandsia complanata",2,0.285714285714286,0.779686333084391,-0.110156833457804,0.8,0.916666666666667,0.693888666488711,0.833333333333333,1,1.4,0,0,0.166666666666667,0.0260953874774298,NA,0.636514168294813,1.88988157484231,0.521428571428571,0.422222790711344,0.139988156277932
