"","degree","normalised.degree","species.strength","interaction.push.pull","nestedrank","PDI","resource.range","species.specificity.index","PSI","node.specialisation.index.NSI","betweenness","weighted.betweenness","closeness","weighted.closeness","Fisher.alpha","partner.diversity","effective.partners","proportional.generality","proportional.similarity","d"
"Brown Inca",1,0.25,0.111111111111111,-0.888888888888889,0.428571428571429,1,1,1,0.111111111111111,2.28571428571429,0,0,0.0897435897435897,0.0263684896548624,NA,0,1,0.258036737828195,0.225,0.167420672268402
"Collared Inca",3,0.75,1.06269841269841,0.0208994708994709,0.142857142857143,0.923611111111111,0.333333333333333,0.76271186440678,0.746852300242131,1.42857142857143,0.342105263157895,0.3,0.141025641025641,0.0641836040066129,NA,0.5694194086392,1.76724070883174,0.456013027464129,0.411440677966102,0.63309145181599
"Fawn-breasted Brilliant",1,0.25,0.0238095238095238,-0.976190476190476,1,1,1,1,0.0238095238095238,1.71428571428571,0,0,0.115384615384615,0.0137056707212609,NA,0,1,0.258036737828195,0.35,0
"Gorgeted Sunangel",1,0.25,0.142857142857143,-0.857142857142857,0.571428571428571,1,1,1,0.142857142857143,1.71428571428571,0,0,0.123931623931624,0.0414749530166548,NA,0,1,0.258036737828195,0.175,0.262649535037194
"Green-fronted Lancebill",1,0.25,0.05,-0.95,0.714285714285714,1,1,1,0.05,1.71428571428571,0,0,0.115384615384615,0.01998001998002,NA,0,1,0.258036737828195,0.25,0.100975866155202
"Hoary Puffleg",1,0.25,0.0714285714285714,-0.928571428571429,0.857142857142857,1,1,1,0.0714285714285714,1.71428571428571,0,0,0.123931623931624,0.0213397352539095,NA,0,1,0.258036737828195,0.175,0.20801459767651
"Speckled Hummingbird",1,0.25,0.428571428571429,-0.571428571428571,0.285714285714286,1,1,1,0.428571428571429,1.71428571428571,0,0,0.123931623931624,0.111803412333314,NA,0,1,0.258036737828195,0.175,0.643935994159716
"Violet-tailed Sylph",3,0.75,2.10952380952381,0.36984126984127,0,0.7375,0.333333333333333,0.498861729426904,0.838794538794539,1.14285714285714,0.657894736842105,0.7,0.166666666666667,0.19008019008019,NA,0.927875872819191,2.52913127148402,0.65260878283301,0.704895104895105,0.593757242385539
