"","degree","normalised.degree","species.strength","interaction.push.pull","nestedrank","PDI","species.specificity.index","resource.range","PSI","node.specialisation.index.NSI","betweenness","weighted.betweenness","closeness","weighted.closeness","Fisher.alpha","partner.diversity","effective.partners","proportional.similarity","proportional.generality","d"
"Bomarea pardina",2,0.25,1.8135593220339,0.406779661016949,1,0.982142857142857,0.879915019145092,0.857142857142857,1,1.33333333333333,0,0,0.227272727272727,0.33003300330033,NA,0.348832095843032,1.41741118113173,0.270833333333333,0.434840249451421,0.868573720887049
"Drymonia tenuis",4,0.5,3.10489510489511,0.526223776223776,0,0.80952380952381,0.491917175232406,0.571428571428571,1,1.33333333333333,0,0,0.227272727272727,0.0795615275813296,NA,1.19734013399678,3.31129759092711,0.469642857142857,1.01585587133365,0.506524750369098
"Mezobromelia capituligera",3,0.375,1.59333886452531,0.197779621508435,0.333333333333333,0.992857142857143,0.94606750910198,0.714285714285714,1,1,0.5,0.333333333333333,0.272727272727273,0.167244923164782,NA,0.22445109055581,1.25163549305466,0.627976190476191,0.383982783025301,0.340897587582236
"Palicourea acetosoides",3,0.375,1.48820670854569,0.16273556951523,0.666666666666667,0.964285714285714,0.785584404849573,0.714285714285714,1,1,0.5,0.666666666666667,0.272727272727273,0.16558135031107,NA,0.612869452461949,1.8457200132751,0.758333333333333,0.566238902072997,0.106867536875824
