"","degree","normalised.degree","species.strength","interaction.push.pull","nestedrank","PDI","resource.range","species.specificity.index","PSI","node.specialisation.index.NSI","betweenness","weighted.betweenness","closeness","weighted.closeness","Fisher.alpha","partner.diversity","effective.partners","proportional.generality","proportional.similarity","d"
"Booted Racket-tail",1,0.2,0.0172413793103448,-0.982758620689655,1,1,1,1,0.0172413793103448,1.5,0,0,0.145161290322581,0.0121914050594331,NA,0,1,0.385161902423406,0.725,0
"Brown Inca",1,0.2,0.724137931034483,-0.275862068965517,0.428571428571429,1,1,1,0.724137931034483,1.5,0,0,0.145161290322581,0.0392101946506092,NA,0,1,0.385161902423406,0.725,0.494450278026633
"Fawn-breasted Brilliant",1,0.2,0.0344827586206897,-0.96551724137931,0.857142857142857,1,1,1,0.0344827586206897,1.5,0,0,0.145161290322581,0.0188412623645784,NA,0,1,0.385161902423406,0.725,0
"Gorgeted Sunangel",2,0.4,0.733333333333333,-0.133333333333333,0.285714285714286,0.875,0.75,0.666666666666667,0.377777777777778,1.66666666666667,0,0,0.129032258064516,0.0170885867957804,NA,0.636514168294813,1.88988157484231,0.727910382721207,0.1,0.670114643311154
"Green-fronted Lancebill",1,0.2,0.75,-0.25,0.571428571428571,1,1,1,0.75,1.83333333333333,0,0,0.112903225806452,0.0320750061682704,NA,0,1,0.385161902423406,0.1,0.873194270063508
"Speckled Hummingbird",2,0.4,0.933333333333333,-0.0333333333333334,0.142857142857143,0.916666666666667,0.75,0.728868986855663,0.533333333333333,1.66666666666667,0,0,0.129032258064516,0.0173266914349499,NA,0.562335144618808,1.75476535060332,0.675868760745051,0.1,0.75402553252506
"Tawny-bellied Hermit",1,0.2,1,0,0.714285714285714,1,1,1,1,NA,0,0,0,NA,NA,0,1,0.385161902423406,0.075,1
"Violet-tailed Sylph",3,0.6,0.807471264367816,-0.064176245210728,0,0.942307692307692,0.5,0.774344480835242,0.234195402298851,1,1,1,0.193548387096774,0.0379478946216157,NA,0.601923971732289,1.82562788005792,0.70316230740032,0.8625,0.0438192272595965
