"","degree","normalised.degree","species.strength","interaction.push.pull","nestedrank","PDI","resource.range","species.specificity.index","PSI","node.specialisation.index.NSI","betweenness","weighted.betweenness","closeness","weighted.closeness","Fisher.alpha","partner.diversity","effective.partners","proportional.generality","proportional.similarity","d"
"Booted Racket-tail",2,0.181818181818182,1.25,0.125,0.571428571428571,0.9,0.9,0.670820393249937,0.625,1.5,0,0,0.145161290322581,0.101010101010101,2941562359.8741,0.693147180559945,2,0.211818731777097,0.277777777777778,0.44211410869774
"Brown Inca",2,0.181818181818182,1.25,0.125,0.714285714285714,0.9,0.9,0.670820393249937,0.625,1.5,0,0,0.145161290322581,0.101010101010101,2941562359.8741,0.693147180559945,2,0.211818731777097,0.277777777777778,0.44211410869774
"Fawn-breasted Brilliant",1,0.0909090909090909,0.25,-0.75,0.857142857142857,1,1,1,0.25,1.5,0,0,0.145161290322581,0.101010101010101,1677720700.50048,0,1,0.105909365888549,0.222222222222222,0
"Gorgeted Sunangel",3,0.272727272727273,1.83333333333333,0.277777777777778,0,0.8,0.8,0.516397779494322,0.611111111111111,1.66666666666667,0,0,0.129032258064516,0.0956937799043062,419430397.854167,1.09861228866811,3,0.317728097665646,0.333333333333333,0.436208583971063
"Green-fronted Lancebill",1,0.0909090909090909,0.5,-0.5,1,1,1,1,0.5,1.83333333333333,0,0,0.112903225806452,0.0826446280991735,1677720700.50048,0,1,0.105909365888549,0.111111111111111,0.5
"Speckled Hummingbird",3,0.272727272727273,1.83333333333333,0.277777777777778,0.142857142857143,0.8,0.8,0.516397779494322,0.611111111111111,1.66666666666667,0,0,0.129032258064516,0.0956937799043062,419430397.854167,1.09861228866811,3,0.317728097665646,0.333333333333333,0.436208583971063
"Tawny-bellied Hermit",3,0.272727272727273,3,0.666666666666667,0.285714285714286,0.8,0.8,0.516397779494322,1,NA,0,0,0,NA,419430397.854167,1.09861228866811,3,0.317728097665646,0.166666666666667,1
"Violet-tailed Sylph",3,0.272727272727273,1.08333333333333,0.0277777777777778,0.428571428571429,0.8,0.8,0.516397779494322,0.361111111111111,1,1,1,0.193548387096774,0.151515151515151,419430397.854167,1.09861228866811,3,0.317728097665646,0.5,0
