"","degree","normalised.degree","species.strength","interaction.push.pull","nestedrank","PDI","species.specificity.index","resource.range","PSI","node.specialisation.index.NSI","betweenness","weighted.betweenness","closeness","weighted.closeness","Fisher.alpha","partner.diversity","effective.partners","proportional.similarity","proportional.generality","d"
"Centropogon solanifolius",1,0.125,1,0,1,1,1,1,1,NA,0,0,0,NA,NA,0,1,0.075,0.230241375456758,1
"Drymonia tenuis",3,0.375,0.645833333333333,-0.118055555555556,0.25,0.714285714285714,0.487950036474267,0.714285714285714,1,1,1,1,0.3,0.0820512820512821,NA,1.09861228866811,3,0.2875,0.690724126370275,0.335937708637013
"Mezobromelia capituligera",4,0.5,3.8125,0.703125,0,0.945578231292517,0.718013036963962,0.571428571428571,1,1.33333333333333,0,0,0.25,0.280701754385965,NA,0.755050597166741,2.12771917719377,0.7625,0.489888989942816,0.846638754928847
"Palicourea acetosoides",2,0.25,1.125,0.0625,0.5,0.952380952380952,0.755928946018455,0.857142857142857,1,1.33333333333333,0,0,0.25,0.102564102564103,NA,0.562335144618808,1.75476535060332,0.275,0.40401958792677,0.737350464962806
"Renealmia sessilifolia",2,0.25,1.41666666666667,0.208333333333333,0.75,0.904761904761905,0.671884343788848,0.857142857142857,1,1.66666666666667,0,0,0.2,0.0788954635108481,NA,0.673011667009257,1.96013170420779,0.0875,0.451303419653201,0.856854034370511
