"","degree","normalised.degree","species.strength","interaction.push.pull","nestedrank","PDI","resource.range","species.specificity.index","PSI","node.specialisation.index.NSI","betweenness","weighted.betweenness","closeness","weighted.closeness","Fisher.alpha","partner.diversity","effective.partners","proportional.generality","proportional.similarity","d"
"Booted Racket-tail",3,0.6,2.5,0.5,0,0.75,0.5,0.467707173346743,0.875,1,0,0,0.333333333333333,0.75,1.74344393002143,1.03972077083992,2.82842712474619,0.582108882730449,0.625,0.742098128510306
"Buff-tailed Coronet",1,0.2,0.25,-0.75,1,1,1,1,0.25,1,0,0,0.333333333333333,0.375,1677720700.50048,0,1,0.205806569183813,0.25,0
"Tawny-bellied Hermit",1,0.2,1,0,0.666666666666667,1,1,1,1,NA,0,0,0,NA,0.525261466517939,0,1,0.205806569183813,0.1875,1
"Violet-tailed Sylph",2,0.4,1.25,0.125,0.333333333333333,0.916666666666667,0.75,0.728868986855663,0.8125,1,0,0,0.333333333333333,0.375,1.59181590415142,0.562335144618808,1.75476535060332,0.3611422365303,0.4375,0.72105705434887
