"","degree","normalised.degree","species.strength","interaction.push.pull","nestedrank","PDI","resource.range","species.specificity.index","PSI","node.specialisation.index.NSI","betweenness","weighted.betweenness","closeness","weighted.closeness","Fisher.alpha","partner.diversity","effective.partners","proportional.generality","proportional.similarity","d"
"Booted Racket-tail",3,0.3,2.33333333333333,0.444444444444444,0,0.777777777777778,0.777777777777778,0.509175077217316,0.777777777777778,1,0,0,0.333333333333333,0.5,419430397.854167,1.09861228866811,3,0.329018503238123,0.416666666666667,0
"Buff-tailed Coronet",1,0.1,0.333333333333333,-0.666666666666667,0.6,1,1,1,0.333333333333333,1,0,0,0.333333333333333,0.5,1677720700.50048,0,1,0.109672834412708,0.25,0
"Gorgeted Sunangel",1,0.1,1,0,0.8,1,1,1,1,NA,0,0,0,NA,1677720700.50048,0,1,0.109672834412708,0.0833333333333333,1
"Green-crowned Brilliant",1,0.1,1,0,1,1,1,1,1,NA,0,0,0,NA,1677720700.50048,0,1,0.109672834412708,0.0833333333333333,1
"Tawny-bellied Hermit",3,0.3,3,0.666666666666667,0.2,0.777777777777778,0.777777777777778,0.509175077217316,1,NA,0,0,0,NA,419430397.854167,1.09861228866811,3,0.329018503238123,0.25,1
"Violet-tailed Sylph",3,0.3,2.33333333333333,0.444444444444444,0.4,0.777777777777778,0.777777777777778,0.509175077217316,0.777777777777778,1,0,0,0.333333333333333,0.5,419430397.854167,1.09861228866811,3,0.329018503238123,0.416666666666667,0
