"","degree","normalised.degree","species.strength","interaction.push.pull","nestedrank","PDI","resource.range","species.specificity.index","PSI","node.specialisation.index.NSI","betweenness","weighted.betweenness","closeness","weighted.closeness","Fisher.alpha","partner.diversity","effective.partners","proportional.generality","proportional.similarity","d"
"Booted Racket-tail",1,0.2,0.181818181818182,-0.818181818181818,0.833333333333333,1,1,1,0.181818181818182,2.33333333333333,0,0,0.107142857142857,0.0256341789052069,NA,0,1,0.241155594864479,0.434210526315789,0.134280962826627
"Brown Inca",4,0.8,0.956043956043956,-0.010989010989011,0,0.75,0.25,0.447213595499958,0.299450549450549,1.16666666666667,0.6875,0.6875,0.196428571428571,0.052095266807356,NA,1.16828245017656,3.21646345532414,0.775668157928553,0.481578947368421,0.235832884861549
"Buff-tailed Coronet",1,0.2,0.857142857142857,-0.142857142857143,0.5,1,1,1,0.857142857142857,1.83333333333333,0,0,0.136904761904762,0.109118464258651,NA,0,1,0.241155594864479,0.184210526315789,0.909202579161842
"Collared Inca",1,0.2,0.0714285714285714,-0.928571428571429,1,1,1,1,0.0714285714285714,1.83333333333333,0,0,0.136904761904762,0.0217648688817795,NA,0,1,0.241155594864479,0.184210526315789,0.24523048120954
"Gorgeted Sunangel",1,0.2,0.75,-0.25,0.666666666666667,1,1,1,0.75,2,0,0,0.119047619047619,0.0466749500297121,NA,0,1,0.241155594864479,0.157894736842105,0.840314942730233
"Tawny-bellied Hermit",2,0.4,1.03846153846154,0.0192307692307692,0.333333333333333,0.928571428571429,0.75,0.753592220347252,0.52991452991453,1.66666666666667,0,0,0.142857142857143,0.0492363802142694,NA,0.529706199057654,1.69843323402318,0.409586676888462,0.223684210526316,0.647245745667025
"Violet-tailed Sylph",3,0.6,1.1451048951049,0.0483682983682983,0.166666666666667,0.981481481481482,0.5,0.914606014474127,0.773028695442489,1.5,0.3125,0.3125,0.160714285714286,0.0307025336697346,NA,0.29875805818934,1.3481834020778,0.32512197031449,0.503176043557169,0.647042270187136
