"","degree","normalised.degree","species.strength","interaction.push.pull","nestedrank","PDI","resource.range","species.specificity.index","PSI","node.specialisation.index.NSI","betweenness","weighted.betweenness","closeness","weighted.closeness","Fisher.alpha","partner.diversity","effective.partners","proportional.generality","proportional.similarity","d"
"Booted Racket-tail",2,0.2,1.5,0.25,0.428571428571429,0.888888888888889,0.888888888888889,0.666666666666667,0.75,2.33333333333333,0,0,0.107142857142857,0.0632411067193676,2941562359.8741,0.693147180559945,2,0.224498618338929,0.166666666666667,0.684535123214271
"Brown Inca",4,0.4,1.5,0.125,0,0.666666666666667,0.666666666666667,0.408248290463863,0.375,1.16666666666667,0.6875,0.6875,0.196428571428571,0.132231404958678,6710885302.00018,1.38629436111989,4,0.448997236677858,0.611111111111111,0
"Buff-tailed Coronet",1,0.1,0.333333333333333,-0.666666666666667,0.714285714285714,1,1,1,0.333333333333333,1.83333333333333,0,0,0.136904761904762,0.076555023923445,1677720700.50048,0,1,0.112249309169464,0.166666666666667,0
"Collared Inca",1,0.1,0.333333333333333,-0.666666666666667,0.857142857142857,1,1,1,0.333333333333333,1.83333333333333,0,0,0.136904761904762,0.076555023923445,1677720700.50048,0,1,0.112249309169464,0.166666666666667,0
"Gorgeted Sunangel",2,0.2,1.5,0.25,0.571428571428571,0.888888888888889,0.888888888888889,0.666666666666667,0.75,2,0,0,0.119047619047619,0.0692640692640693,2941562359.8741,0.693147180559945,2,0.224498618338929,0.166666666666667,0.684535123214271
"Speckled Hummingbird",1,0.1,1,0,1,1,1,1,1,NA,0,0,0,NA,1677720700.50048,0,1,0.112249309169464,0.0555555555555556,1
"Tawny-bellied Hermit",4,0.4,2.66666666666667,0.416666666666667,0.142857142857143,0.666666666666667,0.666666666666667,0.408248290463863,0.666666666666667,1.66666666666667,0,0,0.142857142857143,0.103896103896104,6710885302.00018,1.38629436111989,4,0.448997236677858,0.444444444444444,0.449176895247627
"Violet-tailed Sylph",3,0.3,1.16666666666667,0.0555555555555556,0.285714285714286,0.777777777777778,0.777777777777778,0.509175077217316,0.388888888888889,1.5,0.3125,0.3125,0.160714285714286,0.111888111888112,419430397.854167,1.09861228866811,3,0.336747927508393,0.444444444444444,0.123023415476181
