"","degree","normalised.degree","species.strength","interaction.push.pull","nestedrank","PDI","species.specificity.index","resource.range","PSI","node.specialisation.index.NSI","betweenness","weighted.betweenness","closeness","weighted.closeness","Fisher.alpha","partner.diversity","effective.partners","proportional.similarity","proportional.generality","d"
"Columnea ciliata",3,0.428571428571429,0.356704980842912,-0.214431673052363,0.5,0.833333333333333,0.520416499866533,0.666666666666667,1,1,0.5,0.166666666666667,0.222222222222222,0.0767202109805802,NA,1.03972077083992,2.82842712474619,0.5,0.5225952697664,0
"Columnea strigosa",3,0.428571428571429,1.31226053639847,0.104086845466156,0.25,0.857142857142857,0.5925241029893,0.666666666666667,1,1,0.5,0.833333333333333,0.222222222222222,0.111683848797251,NA,0.898137003187868,2.45502514409486,0.326923076923077,0.45360352976274,0.531030689386601
"Guzmania jaramilloi",2,0.285714285714286,1.93103448275862,0.46551724137931,0.75,0.962962962962963,0.808017674301417,0.833333333333333,1,1.5,0,0,0.166666666666667,0.300919476177208,NA,0.474139313057837,1.60663079608635,0.460526315789474,0.296849668478235,0.927147728946262
"Meriania tomentosa",3,0.428571428571429,2.1,0.366666666666667,0,0.972222222222222,0.838081709847526,0.666666666666667,1,1.25,0,0,0.194444444444444,0.0329896907216495,NA,0.509137344082687,1.66385524109861,0.242481203007519,0.30742276191832,0.876823376110432
"Mezobromelia capituligera",2,0.285714285714286,1.3,0.15,1,0.944444444444445,0.75,0.833333333333333,1,1.25,0,0,0.194444444444444,0.0706921944035346,NA,0.562335144618808,1.75476535060332,0.25,0.324219798258923,0.79790850633908
