"","degree","normalised.degree","species.strength","interaction.push.pull","nestedrank","PDI","species.specificity.index","resource.range","PSI","node.specialisation.index.NSI","betweenness","weighted.betweenness","closeness","weighted.closeness","Fisher.alpha","partner.diversity","effective.partners","proportional.similarity","proportional.generality","d"
"Bomarea multiflora",1,0.0909090909090909,1,0,0.571428571428571,1,1,1,1,NA,0,0,0,NA,NA,0,1,0.0779220779220779,0.144662745359141,1
"Centropogon solanifolius",1,0.0909090909090909,0.470588235294118,-0.529411764705882,0.714285714285714,1,1,1,1,1.83333333333333,0,0,0.126373626373626,0.0911023382933495,NA,0,1,0.165584415584416,0.144662745359141,0.581981407055355
"Columnea mastersonii",1,0.0909090909090909,0.470588235294118,-0.529411764705882,0.857142857142857,1,1,1,1,1.83333333333333,0,0,0.126373626373626,0.0911023382933495,NA,0,1,0.165584415584416,0.144662745359141,0.581981407055355
"Drymonia tenuis",1,0.0909090909090909,0.461538461538462,-0.538461538461538,1,1,1,1,1,1.5,0,0,0.148351648351648,0.058331713007972,NA,0,1,0.168831168831169,0.144662745359141,0.571212735552821
"Macleania stricta",2,0.181818181818182,0.658823529411765,-0.170588235294118,0.428571428571429,0.9,0.670820393249937,0.9,1,2.16666666666667,0,0,0.104395604395604,0.0223671947809879,NA,0.693147180559945,2,0.363636363636364,0.289325490718283,0.218706639808047
"Palicourea acetosoides",2,0.181818181818182,1.23076923076923,0.115384615384615,0.285714285714286,0.9,0.670820393249937,0.9,1,1.5,0,0,0.148351648351648,0.0459382895643519,NA,0.693147180559945,2,0.207792207792208,0.289325490718283,0.593407344008381
"Palicourea demissa",7,0.636363636363636,5.289592760181,0.612798965740142,0,0.881818181818182,0.453382350291181,0.4,1,1.16666666666667,0.615384615384615,0.615384615384615,0.181318681318681,0.0535188654000535,NA,1.55915811156207,4.75481653454969,0.393398268398268,0.687844813566996,0.710505043502098
"Palicourea lineata",3,0.272727272727273,1.41809954751131,0.139366515837104,0.142857142857143,0.991666666666667,0.916805619735557,0.8,1,1.33333333333333,0.384615384615385,0.384615384615385,0.164835164835165,0.0280557373982979,NA,0.324508386931071,1.38335040564861,0.402097902097902,0.200119267474809,0.788523227247889
