"","degree","normalised.degree","species.strength","interaction.push.pull","nestedrank","PDI","resource.range","species.specificity.index","PSI","node.specialisation.index.NSI","betweenness","weighted.betweenness","closeness","weighted.closeness","Fisher.alpha","partner.diversity","effective.partners","proportional.generality","proportional.similarity","d"
"Booted Racket-tail",2,0.166666666666667,2,0.5,0.285714285714286,0.909090909090909,0.909090909090909,0.674199862463242,1,NA,0,0,0,NA,2941562359.8741,0.693147180559945,2,0.182399995630338,0.117647058823529,1
"Brown Inca",3,0.25,1.33333333333333,0.111111111111111,0.142857142857143,0.818181818181818,0.818181818181818,0.522232967867094,0.444444444444444,1,0,0,0.25,0.45,419430397.854167,1.09861228866811,3,0.273599993445506,0.411764705882353,0
"Collared Inca",1,0.0833333333333333,0.5,-0.5,0.714285714285714,1,1,1,0.5,1,0,0,0.125,NA,1677720700.50048,0,1,0.0911999978151688,0.117647058823529,0.369070246428543
"Fawn-breasted Brilliant",2,0.166666666666667,1.33333333333333,0.166666666666667,0.428571428571429,0.909090909090909,0.909090909090909,0.674199862463242,0.666666666666667,1,0,0,0.25,0.3,2941562359.8741,0.693147180559945,2,0.182399995630338,0.235294117647059,0.386852807234542
"Green-fronted Lancebill",1,0.0833333333333333,0.5,-0.5,0.857142857142857,1,1,1,0.5,1,0,0,0.125,NA,1677720700.50048,0,1,0.0911999978151688,0.117647058823529,0.369070246428543
"Stripe-throated Hermit",1,0.0833333333333333,1,0,1,1,1,1,1,NA,0,0,0,NA,1677720700.50048,0,1,0.0911999978151688,0.0588235294117647,1
"Tawny-bellied Hermit",2,0.166666666666667,2,0.5,0.571428571428571,0.909090909090909,0.909090909090909,0.674199862463242,1,NA,0,0,0,NA,2941562359.8741,0.693147180559945,2,0.182399995630338,0.117647058823529,1
"Violet-tailed Sylph",5,0.416666666666667,3.33333333333333,0.466666666666667,0,0.636363636363636,0.636363636363636,0.356753034006338,0.666666666666667,1,0,0,0.25,0.45,838860790,1.6094379124341,5,0.455999989075844,0.529411764705882,0.218104291985532
