"","degree","normalised.degree","species.strength","interaction.push.pull","nestedrank","PDI","species.specificity.index","resource.range","PSI","node.specialisation.index.NSI","betweenness","weighted.betweenness","closeness","weighted.closeness","Fisher.alpha","partner.diversity","effective.partners","proportional.similarity","proportional.generality","d"
"Centropogon solanifolius",1,0.166666666666667,0.6,-0.4,0.8,1,1,1,1,1,0,0,0.125,NA,NA,0,1,0.32258064516129,0.1923173507342,0.597422446719085
"Columnea ciliata",1,0.166666666666667,0.4,-0.6,1,1,1,1,1,1,0,0,0.125,NA,NA,0,1,0.32258064516129,0.1923173507342,0.323283791784057
"Kohleria affinis",2,0.333333333333333,0.666666666666667,-0.166666666666667,0.4,0.8,0.632455532033676,0.8,1,1,0,0,0.25,0.5,NA,0.693147180559945,2,0.387096774193548,0.384634701468401,0.188632257835574
"Mezobromelia capituligera",3,0.5,1.66666666666667,0.222222222222222,0,0.6,0.447213595499958,0.6,1,1,0,0,0.25,0.5,NA,1.09861228866811,3,0.451612903225806,0.576952052202601,0.422795011840203
"Palicourea acetosoides",2,0.333333333333333,2,0.5,0.2,0.92,0.714285714285714,0.8,1,NA,0,0,0,NA,NA,0.598269588585257,1.81896851165317,0.225806451612903,0.34981920523007,1
"Renealmia sessilifolia",2,0.333333333333333,0.666666666666667,-0.166666666666667,0.6,0.8,0.632455532033676,0.8,1,1,0,0,0.25,0.5,NA,0.693147180559945,2,0.387096774193548,0.384634701468401,0.188632257835574
