"","degree","normalised.degree","species.strength","interaction.push.pull","nestedrank","PDI","resource.range","species.specificity.index","PSI","node.specialisation.index.NSI","betweenness","weighted.betweenness","closeness","weighted.closeness","Fisher.alpha","partner.diversity","effective.partners","proportional.generality","proportional.similarity","d"
"Booted Racket-tail",1,0.1,0.5,-0.5,0.571428571428571,1,1,1,0.5,2,0,0,0.120689655172414,0.125,1677720700.50048,0,1,0.108606358026256,0.125,0.369070246428542
"Buff-tailed Coronet",4,0.4,2.5,0.375,0,0.666666666666667,0.666666666666667,0.408248290463863,0.625,1.25,0.625,0.625,0.181034482758621,0.2,6710885302.00018,1.38629436111989,4,0.434425432105026,0.4375,0.345687124043405
"Collared Inca",1,0.1,0.333333333333333,-0.666666666666667,0.714285714285714,1,1,1,0.333333333333333,1,0,0,0.103448275862069,NA,1677720700.50048,0,1,0.108606358026256,0.1875,0
"Fawn-breasted Brilliant",1,0.1,0.5,-0.5,0.857142857142857,1,1,1,0.5,2,0,0,0.120689655172414,0.125,1677720700.50048,0,1,0.108606358026256,0.125,0.369070246428542
"Gorgeted Sunangel",2,0.2,1.5,0.25,0.285714285714286,0.888888888888889,0.888888888888889,0.666666666666667,0.75,2.25,0,0,0.112068965517241,0.111111111111111,2941562359.8741,0.693147180559945,2,0.217212716052513,0.1875,0.613147192765458
"Green-crowned Brilliant",1,0.1,0.333333333333333,-0.666666666666667,1,1,1,1,0.333333333333333,1,0,0,0.103448275862069,NA,1677720700.50048,0,1,0.108606358026256,0.1875,0
"Tawny-bellied Hermit",4,0.4,3.33333333333333,0.583333333333333,0.142857142857143,0.666666666666667,0.666666666666667,0.408248290463863,0.833333333333333,1,0,0,0.103448275862069,NA,6710885302.00018,1.38629436111989,4,0.434425432105026,0.375,0.654312875956595
"Violet-tailed Sylph",2,0.2,1,0,0.428571428571429,0.888888888888889,0.888888888888889,0.666666666666667,0.5,1.5,0.375,0.375,0.155172413793103,0.166666666666667,2941562359.8741,0.693147180559945,2,0.217212716052513,0.25,0.226294385530917
