"","degree","normalised.degree","species.strength","interaction.push.pull","nestedrank","PDI","species.specificity.index","resource.range","PSI","node.specialisation.index.NSI","betweenness","weighted.betweenness","closeness","weighted.closeness","Fisher.alpha","partner.diversity","effective.partners","proportional.similarity","proportional.generality","d"
"Centropogon solanifolius",3,0.375,3,0.666666666666667,0,0.857142857142857,0.534522483824849,0.714285714285714,1,NA,0,0,0,NA,NA,1.03972077083992,2.82842712474619,0.32,0.428136817531556,1
"Drymonia tenuis",2,0.25,1.5,0.25,1,0.928571428571429,0.701472374412202,0.857142857142857,1,1.66666666666667,0,0,0.2,0.16,NA,0.636514168294813,1.88988157484231,0.2,0.286069906445661,0.528869964925717
"Faramea calyptrata",2,0.25,1.25,0.125,0.5,0.857142857142857,0.654653670707977,0.857142857142857,1,1.33333333333333,0,0,0.25,0.2,NA,0.693147180559945,2,0.4,0.302738446952191,0.333333333333333
"Palicourea demissa",2,0.25,0.75,-0.125,0.75,0.857142857142857,0.654653670707977,0.857142857142857,1,1,1,1,0.3,0.266666666666667,NA,0.693147180559945,2,0.48,0.302738446952191,0
"Palicourea lineata",2,0.25,1.5,0.25,0.25,0.928571428571429,0.701472374412202,0.857142857142857,1,1.33333333333333,0,0,0.25,0.32,NA,0.636514168294813,1.88988157484231,0.4,0.286069906445661,0.5
