"","degree","normalised.degree","species.strength","interaction.push.pull","nestedrank","PDI","resource.range","species.specificity.index","PSI","node.specialisation.index.NSI","betweenness","weighted.betweenness","closeness","weighted.closeness","Fisher.alpha","partner.diversity","effective.partners","proportional.generality","proportional.similarity","d"
"Booted Racket-tail",1,0.125,0.545454545454545,-0.454545454545455,0.571428571428571,1,1,1,0.545454545454545,1.5,0,0,0.145161290322581,0.0603318250377074,NA,0,1,0.159793430800808,0.218543046357616,0.607884009565491
"Brown Inca",1,0.125,0.5,-0.5,0.857142857142857,1,1,1,0.5,1.83333333333333,0,0,0.112903225806452,0.0387847446670976,NA,0,1,0.159793430800808,0.0794701986754967,0.6790218864678
"Buff-tailed Coronet",2,0.25,0.538461538461538,-0.230769230769231,0.428571428571429,0.904761904761905,0.857142857142857,0.671884343788849,0.315384615384615,1.66666666666667,0,0,0.129032258064516,0.0501604088073318,NA,0.673011667009256,1.96013170420779,0.313216169836797,0.384105960264901,0.265896890753372
"Gorgeted Sunangel",2,0.25,1.42307692307692,0.211538461538462,0.285714285714286,0.991071428571429,0.857142857142857,0.934588286069713,0.898190045248869,1.66666666666667,0,0.185185185185185,0.129032258064516,0.145080852350008,NA,0.223718076065834,1.25071836227822,0.199856578074005,0.384105960264901,0.878072753508501
"Speckled Hummingbird",1,0.125,1,0,0.714285714285714,1,1,1,1,NA,0,0,0,NA,NA,0,1,0.159793430800808,0.0794701986754967,1
"Tawny-bellied Hermit",3,0.375,2.09090909090909,0.363636363636364,0.142857142857143,0.821428571428571,0.714285714285714,0.568112068830898,0.898989898989899,1.5,0,0,0.145161290322581,0.0285782329125982,NA,0.964962923007428,2.62469033904626,0.419408274065938,0.270051508462104,0.780688344425083
"Violet-tailed Sylph",4,0.5,1.81118881118881,0.202797202797203,0,0.797619047619048,0.571428571428571,0.466109821706158,0.604533397636846,1,1,0.814814814814815,0.193548387096774,0.0603318250377074,NA,1.23864920343578,3.45094878519305,0.551438945903877,0.446448960949989,0.325405291189165
"Wedge-billed Hummingbird",1,0.125,0.0909090909090909,-0.909090909090909,1,1,1,1,0.0909090909090909,1.5,0,0,0.145161290322581,0.0285782329125982,NA,0,1,0.159793430800808,0.218543046357616,0.159409362298432
