"","degree","normalised.degree","species.strength","interaction.push.pull","nestedrank","PDI","species.specificity.index","resource.range","PSI","node.specialisation.index.NSI","betweenness","weighted.betweenness","closeness","weighted.closeness","Fisher.alpha","partner.diversity","effective.partners","proportional.similarity","proportional.generality","d"
"Bomarea multiflora",1,0.125,1,0,0.571428571428571,1,1,1,1,NA,0,0,0,NA,NA,0,1,0.0794701986754967,0.171194927737948,1
"Centropogon solanifolius",1,0.125,0.444444444444444,-0.555555555555556,0.714285714285714,1,1,1,1,1.83333333333333,0,0,0.126373626373626,0.105265620248427,NA,0,1,0.178807947019868,0.171194927737948,0.563500018679209
"Columnea mastersonii",1,0.125,0.444444444444444,-0.555555555555556,0.857142857142857,1,1,1,1,1.83333333333333,0,0,0.126373626373626,0.105265620248427,NA,0,1,0.178807947019868,0.171194927737948,0.563500018679209
"Drymonia tenuis",1,0.125,0.413793103448276,-0.586206896551724,1,1,1,1,1,1.5,0,0,0.148351648351648,0.0855529572805567,NA,0,1,0.19205298013245,0.171194927737948,0.525035751570079
"Macleania stricta",2,0.25,0.658823529411765,-0.170588235294118,0.428571428571429,0.857142857142857,0.654653670707977,0.857142857142857,1,2.16666666666667,0,0,0.104395604395604,0.0243654822335025,NA,0.693147180559945,2,0.370860927152318,0.342389855475896,0.218706639808047
"Palicourea acetosoides",2,0.25,1.20689655172414,0.103448275862069,0.285714285714286,0.857142857142857,0.654653670707977,0.857142857142857,1,1.5,0,0,0.148351648351648,0.0601914086796011,NA,0.693147180559945,2,0.231788079470199,0.342389855475896,0.575967464099391
"Palicourea demissa",4,0.5,2.42145593869732,0.35536398467433,0,0.880952380952381,0.548691692838379,0.571428571428571,1,1.16666666666667,0.615384615384615,0.615384615384615,0.181318681318681,0.089754968934808,NA,1.12095039267358,3.06776840287102,0.42203491872366,0.525186390046265,0.606658328482653
"Palicourea lineata",3,0.375,1.41014198782961,0.136713995943205,0.142857142857143,0.988095238095238,0.913410929772148,0.714285714285714,1,1.33333333333333,0.384615384615385,0.384615384615385,0.164835164835165,0.0318586326274876,NA,0.324508386931071,1.38335040564861,0.409322465613856,0.236822572731275,0.794232583177121
