"","degree","normalised.degree","species.strength","interaction.push.pull","nestedrank","PDI","resource.range","species.specificity.index","PSI","node.specialisation.index.NSI","betweenness","weighted.betweenness","closeness","weighted.closeness","Fisher.alpha","partner.diversity","effective.partners","proportional.generality","proportional.similarity","d"
"Booted Racket-tail",7,0.636363636363636,3.95,0.421428571428571,0,0.4,0.4,0.239045721866879,0.564285714285714,1,0.897435897435897,0.902439024390244,0.162790697674419,0.136363636363636,838860799.928571,1.94591014905531,7,0.759386870864884,0.649350649350649,0.152932680260361
"Buff-tailed Coronet",1,0.0909090909090909,0.5,-0.5,0.571428571428571,1,1,1,0.5,1.85714285714286,0,0,0.0930232558139535,0.0652173913043478,1677720700.50048,0,1,0.108483838694983,0.0909090909090909,0.569323441926607
"Green-crowned Woodnymph",2,0.181818181818182,0.45,-0.275,0.428571428571429,0.9,0.9,0.670820393249937,0.225,1.28571428571429,0.0512820512820513,0,0.13953488372093,0.107142857142857,2941562359.8741,0.693147180559945,2,0.216967677389967,0.409090909090909,0
"Rufous-tailed Hummingbird",1,0.0909090909090909,0.2,-0.8,0.714285714285714,1,1,1,0.2,1.42857142857143,0,0,0.127906976744186,0.0789473684210526,1677720700.50048,0,1,0.108483838694983,0.227272727272727,0
"Sparkling Violetear",1,0.0909090909090909,0.5,-0.5,0.857142857142857,1,1,1,0.5,1.85714285714286,0,0,0.0930232558139535,0.0652173913043478,1677720700.50048,0,1,0.108483838694983,0.0909090909090909,0.569323441926607
"Stripe-throated Hermit",1,0.0909090909090909,0.2,-0.8,1,1,1,1,0.2,1.42857142857143,0,0,0.127906976744186,0.0789473684210526,1677720700.50048,0,1,0.108483838694983,0.227272727272727,0
"Tawny-bellied Hermit",4,0.363636363636364,2.25,0.3125,0.285714285714286,0.7,0.7,0.418330013267038,0.5625,1.57142857142857,0,0,0.116279069767442,0.09375,6710885302.00018,1.38629436111989,4,0.433935354779934,0.409090909090909,0.367281636240871
"White-whiskered Hermit",5,0.454545454545455,2.95,0.39,0.142857142857143,0.6,0.6,0.346410161513775,0.59,1.28571428571429,0.0512820512820513,0.0975609756097561,0.13953488372093,0.115384615384615,838860790,1.6094379124341,5,0.542419193474917,0.563636363636364,0.273152095196964
