"","degree","normalised.degree","species.strength","interaction.push.pull","nestedrank","PDI","resource.range","species.specificity.index","PSI","node.specialisation.index.NSI","betweenness","weighted.betweenness","closeness","weighted.closeness","Fisher.alpha","partner.diversity","effective.partners","proportional.generality","proportional.similarity","d"
"Booted Racket-tail",2,0.666666666666667,1.5,0.25,0,0.75,0.5,0.577350269189626,0.833333333333333,1,0,0,0.125,NA,NA,0.636514168294813,1.88988157484231,0.683117213942898,0.470588235294118,0.760187533431868
"Buff-tailed Coronet",1,0.333333333333333,0.777777777777778,-0.222222222222222,0.25,1,1,1,0.777777777777778,1,0,0,0.25,1.16666666666667,NA,0,1,0.361460328010181,0.529411764705882,0.689469433801914
"Collared Inca",1,0.333333333333333,0.111111111111111,-0.888888888888889,0.75,1,1,1,0.111111111111111,1,0,0,0.25,0.166666666666667,NA,0,1,0.361460328010181,0.529411764705882,0
"Sparkling Violetear",1,0.333333333333333,0.5,-0.5,0.5,1,1,1,0.5,1,0,0,0.125,NA,NA,0,1,0.361460328010181,0.235294117647059,0.53915457938163
"Tyrian Metaltail",1,0.333333333333333,0.111111111111111,-0.888888888888889,1,1,1,1,0.111111111111111,1,0,0,0.25,0.166666666666667,NA,0,1,0.361460328010181,0.529411764705882,0
