"","degree","normalised.degree","species.strength","interaction.push.pull","nestedrank","PDI","species.specificity.index","resource.range","PSI","node.specialisation.index.NSI","betweenness","weighted.betweenness","closeness","weighted.closeness","Fisher.alpha","partner.diversity","effective.partners","proportional.similarity","proportional.generality","d"
"Besleria solanoides",1,0.125,0.5,-0.5,0.285714285714286,1,1,1,1,1,0,0,0.166666666666667,NA,1677720700.50048,0,1,0.181818181818182,0.132680009607404,0
"Columnea mastersonii",1,0.125,0.5,-0.5,0.428571428571429,1,1,1,1,1,0,0,0.166666666666667,1,1677720700.50048,0,1,0.181818181818182,0.132680009607404,0
"Heliconia griggsiana",1,0.125,0.5,-0.5,0.571428571428571,1,1,1,1,1,0,0,0.166666666666667,1,1677720700.50048,0,1,0.181818181818182,0.132680009607404,0
"Macleania bullata",1,0.125,1,0,0.714285714285714,1,1,1,1,NA,0,0,0,NA,1677720700.50048,0,1,0.0909090909090909,0.132680009607404,1
"Macleania recumbens",1,0.125,1,0,0.857142857142857,1,1,1,1,NA,0,0,0,NA,1677720700.50048,0,1,0.0909090909090909,0.132680009607404,1
"Meriania tomentosa",3,0.375,2.5,0.5,0,0.714285714285714,0.487950036474267,0.714285714285714,1,1,0,0,0.166666666666667,NA,419430397.854167,1.09861228866811,3,0.363636363636364,0.398040028822212,0.666666666666667
"Psammisia sodiroi",1,0.125,0.5,-0.5,1,1,1,1,1,1,0,0,0.166666666666667,NA,1677720700.50048,0,1,0.181818181818182,0.132680009607404,0
"Sarcopera anomala",2,0.25,1.5,0.25,0.142857142857143,0.857142857142857,0.654653670707977,0.857142857142857,1,1,0,0,0.166666666666667,NA,2941562359.8741,0.693147180559945,2,0.272727272727273,0.265360019214808,0.5
