"","degree","normalised.degree","species.strength","interaction.push.pull","nestedrank","PDI","resource.range","species.specificity.index","PSI","node.specialisation.index.NSI","betweenness","weighted.betweenness","closeness","weighted.closeness","Fisher.alpha","partner.diversity","effective.partners","proportional.generality","proportional.similarity","d"
"Booted Racket-tail",1,0.1,0.7,-0.3,0.625,1,1,1,0.7,2,0,0,0.14,0.116552751939976,NA,0,1,0.155352136690186,0.078125,0.829923250874812
"Brown Inca",2,0.2,0.576923076923077,-0.211538461538462,0.375,0.925925925925926,0.888888888888889,0.683130051063973,0.330769230769231,1.66666666666667,0.363636363636364,0.363636363636364,0.137142857142857,0.0362740707568294,NA,0.673011667009256,1.96013170420779,0.304510648442857,0.125,0.538862015578783
"Collared Inca",3,0.3,1.25,0.0833333333333333,0.25,0.888888888888889,0.777777777777778,0.552770798392567,0.4375,2.16666666666667,0.227272727272727,0.227272727272727,0.12,0.0294010889292196,NA,1.03972077083992,2.82842712474619,0.439402197301801,0.1171875,0.615139194201197
"Green-crowned Woodnymph",1,0.1,0.1,-0.9,0.875,1,1,1,0.1,2,0,0,0.14,0.0397594796907596,NA,0,1,0.155352136690186,0.078125,0.43048333042106
"Gorgeted Sunangel",1,0.1,0.105263157894737,-0.894736842105263,0.75,1,1,1,0.105263157894737,1,0,0,0.0342857142857143,NA,NA,0,1,0.155352136690186,0.4453125,0
"Purple-bibbed Whitetip",1,0.1,0.1,-0.9,1,1,1,1,0.1,2,0,0,0.14,0.0397594796907596,NA,0,1,0.155352136690186,0.078125,0.43048333042106
"Speckled Hummingbird",1,0.1,0.894736842105263,-0.105263157894737,0.5,1,1,1,0.894736842105263,1,0,0,0.0342857142857143,NA,NA,0,1,0.155352136690186,0.4453125,0.873923685756778
"Tawny-bellied Hermit",4,0.4,3.25,0.5625,0.125,0.833333333333333,0.666666666666667,0.458122847290851,0.883333333333333,3,0,0,0.0885714285714286,0.0278752839149288,NA,1.30952583530407,3.70441679204656,0.575489063835439,0.2109375,0.897187234710222
"Violet-tailed Sylph",4,0.4,3.02307692307692,0.505769230769231,0,0.824074074074074,0.666666666666667,0.514446181243255,0.941191066997519,1.5,0.409090909090909,0.409090909090909,0.165714285714286,0.0645804265497309,NA,1.16339635254062,3.20078583322567,0.497248918279287,0.274445564516129,0.915426967704877
