"","degree","normalised.degree","species.strength","interaction.push.pull","nestedrank","PDI","resource.range","species.specificity.index","PSI","node.specialisation.index.NSI","betweenness","weighted.betweenness","closeness","weighted.closeness","Fisher.alpha","partner.diversity","effective.partners","proportional.generality","proportional.similarity","d"
"Booted Racket-tail",1,0.0666666666666667,0.25,-0.75,0.5,1,1,1,0.25,2,0,0,0.14,0.0782608695652174,1677720700.50048,0,1,0.0747929832622566,0.173913043478261,0
"Brown Inca",4,0.266666666666667,3,0.5,0.25,0.785714285714286,0.785714285714286,0.443202630213959,0.75,1.66666666666667,0.363636363636364,0.363636363636364,0.137142857142857,0.0947368421052631,6710885302.00018,1.38629436111989,4,0.299171933049026,0.260869565217391,0.6
"Collared Inca",4,0.266666666666667,2.5,0.375,0.375,0.785714285714286,0.785714285714286,0.443202630213959,0.625,2.16666666666667,0.227272727272727,0.227272727272727,0.12,0.072,6710885302.00018,1.38629436111989,4,0.299171933049026,0.304347826086957,0.4
"Green-crowned Woodnymph",1,0.0666666666666667,0.25,-0.75,0.625,1,1,1,0.25,2,0,0,0.14,0.0782608695652174,1677720700.50048,0,1,0.0747929832622566,0.173913043478261,0
"Gorgeted Sunangel",1,0.0666666666666667,0.5,-0.5,0.75,1,1,1,0.5,1,0,0,0.0342857142857143,NA,1677720700.50048,0,1,0.0747929832622566,0.0869565217391304,0.5
"Purple-bibbed Whitetip",1,0.0666666666666667,0.25,-0.75,0.875,1,1,1,0.25,2,0,0,0.14,0.0782608695652174,1677720700.50048,0,1,0.0747929832622566,0.173913043478261,0
"Speckled Hummingbird",1,0.0666666666666667,0.5,-0.5,1,1,1,1,0.5,1,0,0,0.0342857142857143,NA,1677720700.50048,0,1,0.0747929832622566,0.0869565217391304,0.5
"Tawny-bellied Hermit",5,0.333333333333333,4,0.6,0,0.714285714285714,0.714285714285714,0.377964473009227,0.8,3,0,0,0.0885714285714286,0.06,838860790,1.6094379124341,5,0.373964916311283,0.304347826086957,0.666666666666667
"Violet-tailed Sylph",5,0.333333333333333,3.75,0.55,0.125,0.714285714285714,0.714285714285714,0.377964473009227,0.75,1.5,0.409090909090909,0.409090909090909,0.165714285714286,0.105882352941176,838860790,1.6094379124341,5,0.373964916311283,0.391304347826087,0.5
