"","degree","normalised.degree","species.strength","interaction.push.pull","nestedrank","PDI","species.specificity.index","resource.range","PSI","node.specialisation.index.NSI","betweenness","weighted.betweenness","closeness","weighted.closeness","Fisher.alpha","partner.diversity","effective.partners","proportional.similarity","proportional.generality","d"
"Columnea mastersonii",2,0.4,0.214285714285714,-0.392857142857143,0.5,0.875,0.666666666666667,0.75,1,1,0,0,0.333333333333333,0.16,NA,0.636514168294813,1.88988157484231,0.612403100775194,0.532659937345891,0
"Guzmania amplectens",1,0.2,0.666666666666667,-0.333333333333333,0.75,1,1,1,1,1,0,0,0.333333333333333,0.533333333333333,NA,0,1,0.27906976744186,0.281848314961394,0.738697373978848
"Heliconia griggsiana",2,0.4,1.11904761904762,0.0595238095238095,0,0.975,0.890723542830247,0.75,1,1,0,0,0.333333333333333,0.244444444444444,NA,0.304636097349238,1.35613141338627,0.579281183932347,0.382223353729135,0.66902628038157
"Palicourea demissa",2,0.4,2,0.5,0.25,0.75,0.612372435695795,0.75,1,NA,0,NA,0,NA,NA,0.693147180559945,2,0.0930232558139535,0.563696629922789,1
"Sarcopera anomala",1,0.2,1,0,1,1,1,1,1,NA,0,NA,0,NA,NA,0,1,0.13953488372093,0.281848314961394,1
