"","degree","normalised.degree","species.strength","interaction.push.pull","nestedrank","PDI","species.specificity.index","resource.range","PSI","node.specialisation.index.NSI","betweenness","weighted.betweenness","closeness","weighted.closeness","Fisher.alpha","partner.diversity","effective.partners","proportional.similarity","proportional.generality","d"
"Besleria solanoides",1,0.2,0.333333333333333,-0.666666666666667,0.5,1,1,1,1,1,0,0,0.166666666666667,NA,1677720700.50048,0,1,0.3,0.222064303492292,0
"Columnea mastersonii",2,0.4,0.833333333333333,-0.0833333333333333,0,0.75,0.612372435695795,0.75,1,1,0,0,0.166666666666667,0.5,2941562359.8741,0.693147180559945,2,0.5,0.444128606984584,0.184535123214271
"Guzmania amplectens",1,0.2,0.333333333333333,-0.666666666666667,0.666666666666667,1,1,1,1,1,0,0,0.166666666666667,0.375,1677720700.50048,0,1,0.3,0.222064303492292,0
"Heliconia griggsiana",2,0.4,0.833333333333333,-0.0833333333333333,0.166666666666667,0.75,0.612372435695795,0.75,1,1,0,0,0.166666666666667,0.5,2941562359.8741,0.693147180559945,2,0.5,0.444128606984584,0.184535123214271
"Meriania tomentosa",1,0.2,0.333333333333333,-0.666666666666667,0.833333333333333,1,1,1,1,1,0,0,0.166666666666667,NA,1677720700.50048,0,1,0.3,0.222064303492292,0
"Palicourea demissa",2,0.4,1.33333333333333,0.166666666666667,0.333333333333333,0.75,0.612372435695795,0.75,1,1,0,0,0.166666666666667,NA,2941562359.8741,0.693147180559945,2,0.4,0.444128606984584,0.5
"Sarcopera anomala",1,0.2,1,0,1,1,1,1,1,NA,0,NA,0,NA,1677720700.50048,0,1,0.1,0.222064303492292,1
