"","degree","normalised.degree","species.strength","interaction.push.pull","nestedrank","PDI","resource.range","species.specificity.index","PSI","node.specialisation.index.NSI","betweenness","weighted.betweenness","closeness","weighted.closeness","Fisher.alpha","partner.diversity","effective.partners","proportional.generality","proportional.similarity","d"
"Booted Racket-tail",2,0.4,1.38095238095238,0.19047619047619,0.166666666666667,0.85,0.75,0.643476883811687,0.696428571428571,1.5,0.153846153846154,0.333333333333333,0.145161290322581,0.132930513595166,NA,0.661563238157982,1.93781924087838,0.432650836834251,0.389830508474576,0.721068476820586
"Green-crowned Woodnymph",2,0.4,0.365079365079365,-0.317460317460317,0.666666666666667,0.75,0.75,0.612372435695795,0.182539682539683,1.5,0.153846153846154,0,0.145161290322581,0.0650887573964497,NA,0.693147180559945,2,0.446533740307106,0.389830508474576,0.205768396421557
"Purple-bibbed Whitetip",1,0.2,0.111111111111111,-0.888888888888889,1,1,1,1,0.111111111111111,2.16666666666667,0,0,0.112903225806452,0.0256410256410256,NA,0,1,0.223266870153553,0.152542372881356,0.289163895193673
"Stripe-throated Hermit",3,0.6,0.733766233766234,-0.0887445887445888,0,0.75,0.5,0.467707173346743,0.308441558441558,1.16666666666667,0.692307692307692,0.461538461538462,0.17741935483871,0.0758620689655173,NA,1.03972077083992,2.82842712474619,0.631494071599495,0.622881355932203,0.207912712034001
"Tawny-bellied Hermit",2,0.4,1.09090909090909,0.0454545454545455,0.5,0.916666666666667,0.75,0.728868986855663,0.772727272727273,1.66666666666667,0,0,0.139784946236559,0.0392857142857143,NA,0.562335144618808,1.75476535060332,0.391780967683106,0.351694915254237,0.668532410360277
"Wedge-billed Hummingbird",1,0.2,0.454545454545455,-0.545454545454545,0.833333333333333,1,1,1,0.454545454545454,1.66666666666667,0,0,0.139784946236559,0.0808823529411765,NA,0,1,0.223266870153553,0.372881355932203,0.52689470713703
"White-whiskered Hermit",2,0.4,0.863636363636364,-0.0681818181818181,0.333333333333333,0.875,0.75,0.666666666666667,0.409090909090909,1.66666666666667,0,0.205128205128205,0.139784946236559,0.0814814814814815,NA,0.636514168294813,1.88988157484231,0.42194794417591,0.508474576271186,0.418613971928499
