"","degree","normalised.degree","species.strength","interaction.push.pull","nestedrank","PDI","resource.range","species.specificity.index","PSI","node.specialisation.index.NSI","betweenness","weighted.betweenness","closeness","weighted.closeness","Fisher.alpha","partner.diversity","effective.partners","proportional.generality","proportional.similarity","d"
"Booted Racket-tail",3,0.375,1.66666666666667,0.222222222222222,0.166666666666667,0.714285714285714,0.714285714285714,0.487950036474267,0.555555555555556,1.5,0.153846153846154,0.153846153846154,0.145161290322581,0.105769230769231,419430397.854167,1.09861228866811,3,0.436581662047837,0.4375,0.386852807234541
"Green-crowned Woodnymph",3,0.375,1.66666666666667,0.222222222222222,0.333333333333333,0.714285714285714,0.714285714285714,0.487950036474267,0.555555555555556,1.5,0.153846153846154,0.153846153846154,0.145161290322581,0.105769230769231,419430397.854167,1.09861228866811,3,0.436581662047837,0.4375,0.386852807234541
"Purple-bibbed Whitetip",1,0.125,0.333333333333333,-0.666666666666667,0.833333333333333,1,1,1,0.333333333333333,2.16666666666667,0,0,0.112903225806452,0.0676923076923077,1677720700.50048,0,1,0.145527220682612,0.1875,0.207518749639422
"Stripe-throated Hermit",4,0.5,2.08333333333333,0.270833333333333,0,0.571428571428571,0.571428571428571,0.377964473009227,0.520833333333333,1.16666666666667,0.692307692307692,0.692307692307692,0.17741935483871,0.130177514792899,6710885302.00018,1.38629436111989,4,0.582108882730449,0.625,0.256885213410317
"Tawny-bellied Hermit",2,0.25,1.25,0.125,0.5,0.857142857142857,0.857142857142857,0.654653670707977,0.625,1.66666666666667,0,0,0.139784946236559,0.0846153846153846,2941562359.8741,0.693147180559945,2,0.291054441365225,0.3125,0.44211410869774
"Wedge-billed Hummingbird",1,0.125,0.25,-0.75,1,1,1,1,0.25,1.66666666666667,0,0,0.139784946236559,0.0846153846153846,1677720700.50048,0,1,0.145527220682612,0.25,0
"White-whiskered Hermit",2,0.25,0.75,-0.125,0.666666666666667,0.857142857142857,0.857142857142857,0.654653670707977,0.375,1.66666666666667,0,0,0.139784946236559,0.105769230769231,2941562359.8741,0.693147180559945,2,0.291054441365225,0.375,0.16317116304661
