"","degree","normalised.degree","species.strength","interaction.push.pull","nestedrank","PDI","species.specificity.index","resource.range","PSI","node.specialisation.index.NSI","betweenness","weighted.betweenness","closeness","weighted.closeness","Fisher.alpha","partner.diversity","effective.partners","proportional.similarity","proportional.generality","d"
"Centropogon solanifolius",1,0.142857142857143,0.75,-0.25,1,1,1,1,1,2,0,0,0.159090909090909,0.115207373271889,NA,0,1,0.135593220338983,0.169980226053211,0.842528174282813
"Glossoloma purpureum",2,0.285714285714286,0.833333333333333,-0.0833333333333333,0.75,0.833333333333333,0.645497224367903,0.833333333333333,1,1.5,0,0.25,0.204545454545455,0.133928571428571,NA,0.693147180559945,2,0.338983050847458,0.339960452106422,0.478148572294317
"Heliconia griggsiana",4,0.571428571428571,2.16666666666667,0.291666666666667,0,0.8,0.497929597731969,0.5,1,1.25,0.5,0.375,0.238636363636364,0.129087779690189,NA,1.16222554492109,3.19704052173111,0.554699537750385,0.54343367058513,0.578996297218493
"Palicourea demissa",3,0.428571428571429,1.875,0.291666666666667,0.5,0.916666666666667,0.651051697453591,0.666666666666667,1,2,0,0,0.159090909090909,0.0714285714285714,NA,0.848685557726417,2.33657354148564,0.355932203389831,0.397171298771681,0.494719202458746
"Renealmia sessilifolia",3,0.428571428571429,1.375,0.125,0.25,0.933333333333333,0.690065559342354,0.666666666666667,1,1.25,0.5,0.375,0.238636363636364,0.0857142857142857,NA,0.796311640173813,2.21734745227321,0.474576271186441,0.376905221175912,0.540489695979839
