"","degree","normalised.degree","species.strength","interaction.push.pull","nestedrank","PDI","species.specificity.index","resource.range","PSI","node.specialisation.index.NSI","betweenness","weighted.betweenness","closeness","weighted.closeness","Fisher.alpha","partner.diversity","effective.partners","proportional.similarity","proportional.generality","d"
"Centropogon solanifolius",1,0.142857142857143,0.5,-0.5,0.571428571428571,1,1,1,1,2.28571428571429,0,0,0.0897435897435897,0.0571428571428571,1677720700.50048,0,1,0.125,0.158698559467672,0.5
"Columnea picta",1,0.142857142857143,0.25,-0.75,0.714285714285714,1,1,1,1,1.57142857142857,0,0,0.128205128205128,0.0816326530612245,1677720700.50048,0,1,0.25,0.158698559467672,0
"Glossoloma purpureum",2,0.285714285714286,0.75,-0.125,0.428571428571429,0.833333333333333,0.645497224367903,0.833333333333333,1,1.57142857142857,0,0,0.128205128205128,0.0902255639097744,2941562359.8741,0.693147180559945,2,0.375,0.317397118935344,0.16317116304661
"Guzmania jaramilloi",1,0.142857142857143,0.333333333333333,-0.666666666666667,0.857142857142857,1,1,1,1,1.85714285714286,0,0,0.111111111111111,0.0659340659340659,1677720700.50048,0,1,0.1875,0.158698559467672,0.207518749639422
"Heliconia griggsiana",4,0.571428571428571,2.25,0.3125,0,0.5,0.353553390593274,0.5,1,1.42857142857143,0.315789473684211,0.315789473684211,0.141025641025641,0.0952380952380952,6710885302.00018,1.38629436111989,4,0.5625,0.634794237870689,0.351693902427511
"Palicourea demissa",3,0.428571428571429,1.66666666666667,0.222222222222222,0.142857142857143,0.666666666666667,0.471404520791032,0.666666666666667,1,1.71428571428571,0.0263157894736842,0.0263157894736842,0.123931623931624,0.0902255639097744,419430397.854167,1.09861228866811,3,0.4375,0.476095678403016,0.386852807234541
"Renealmia sessilifolia",3,0.428571428571429,0.916666666666667,-0.0277777777777778,0.285714285714286,0.666666666666667,0.471404520791032,0.666666666666667,1,1.14285714285714,0.657894736842105,0.657894736842105,0.166666666666667,0.114285714285714,419430397.854167,1.09861228866811,3,0.625,0.476095678403016,0
"Salvia quitensis",1,0.142857142857143,0.333333333333333,-0.666666666666667,1,1,1,1,1,1.85714285714286,0,0,0.111111111111111,0.0659340659340659,1677720700.50048,0,1,0.1875,0.158698559467672,0.207518749639422
