"","degree","normalised.degree","species.strength","interaction.push.pull","nestedrank","PDI","resource.range","species.specificity.index","PSI","node.specialisation.index.NSI","betweenness","weighted.betweenness","closeness","weighted.closeness","Fisher.alpha","partner.diversity","effective.partners","proportional.generality","proportional.similarity","d"
"Booted Racket-tail",2,0.666666666666667,1.16042780748663,0.0802139037433155,0,0.652777777777778,0.5,0.523821157661327,0.602875427369159,1,0.5,0.833333333333333,0.230769230769231,0.560403081910719,NA,0.676798824728639,1.96756910654093,0.737453553171202,0.831323668879556,0.107659130469694
"Brown Inca",1,0.333333333333333,0.0588235294117647,-0.941176470588235,1,1,1,1,0.0588235294117647,1.33333333333333,0,0,0.192307692307692,0.045355587808418,NA,0,1,0.37480439732441,0.421487603305785,0.0259590229496859
"Buff-tailed Coronet",1,0.333333333333333,0.0909090909090909,-0.909090909090909,0.8,1,1,1,0.0909090909090909,1.33333333333333,0,0,0.192307692307692,0.075137752546335,NA,0,1,0.37480439732441,0.454545454545455,0
"Sparkling Violetear",2,0.666666666666667,0.689839572192513,-0.155080213903743,0.2,0.76,0.5,0.585308319667776,0.383436912848678,1,0.5,0.166666666666667,0.230769230769231,0.387171485575827,NA,0.630086144558791,1.87777233216624,0.70379732727002,0.778869778869779,0.0335192639802309
"Tawny-bellied Hermit",1,0.333333333333333,0.5,-0.5,0.4,1,1,1,0.5,1,0,0,0.0769230769230769,NA,NA,0,1,0.37480439732441,0.12396694214876,0.652109673481219
"White-whiskered Hermit",1,0.333333333333333,0.5,-0.5,0.6,1,1,1,0.5,1,0,0,0.0769230769230769,NA,NA,0,1,0.37480439732441,0.12396694214876,0.652109673481219
