"","degree","normalised.degree","species.strength","interaction.push.pull","nestedrank","PDI","resource.range","species.specificity.index","PSI","node.specialisation.index.NSI","betweenness","weighted.betweenness","closeness","weighted.closeness","Fisher.alpha","partner.diversity","effective.partners","proportional.generality","proportional.similarity","d"
"Brown Inca",2,0.25,0.576923076923077,-0.211538461538462,0.6,0.904761904761905,0.857142857142857,0.671884343788849,0.330769230769231,1.33333333333333,0.5,0.5,0.234375,0.0774193548387097,NA,0.673011667009256,1.96013170420779,0.383203599850802,0.139130434782609,0.538862015578783
"Collared Inca",3,0.375,1.33333333333333,0.111111111111111,0.2,0.785714285714286,0.714285714285714,0.518238775634773,0.433333333333333,1.33333333333333,0.5,0.5,0.234375,0.0774193548387097,NA,1.05492016798614,2.87174588749259,0.561423173545709,0.156521739130435,0.578268883970815
"Gorgeted Sunangel",1,0.125,0.105263157894737,-0.894736842105263,1,1,1,1,0.105263157894737,1,0,0,0.09375,NA,NA,0,1,0.195498903991086,0.495652173913043,0
"Speckled Hummingbird",1,0.125,0.894736842105263,-0.105263157894737,0.8,1,1,1,0.894736842105263,1,0,0,0.09375,NA,NA,0,1,0.195498903991086,0.495652173913043,0.859272736622905
"Tawny-bellied Hermit",4,0.5,3.16666666666667,0.541666666666667,0,0.761904761904762,0.571428571428571,0.422577127364258,0.854166666666667,2,0,0,0.171875,0.0725806451612903,NA,1.32088834314932,3.74674829750099,0.732485185691912,0.260869565217391,0.86668857687428
"Violet-tailed Sylph",2,0.25,1.92307692307692,0.461538461538462,0.4,0.857142857142857,0.857142857142857,0.654653670707977,0.961538461538462,2,0,0,0.171875,0.110599078341014,NA,0.693147180559945,2,0.390997807982172,0.217391304347826,0.97162218568362
