"","degree","normalised.degree","species.strength","interaction.push.pull","nestedrank","PDI","resource.range","species.specificity.index","PSI","node.specialisation.index.NSI","betweenness","weighted.betweenness","closeness","weighted.closeness","Fisher.alpha","partner.diversity","effective.partners","proportional.generality","proportional.similarity","d"
"Brown Inca",3,0.25,2,0.333333333333333,0.6,0.818181818181818,0.818181818181818,0.522232967867094,0.666666666666667,1.33333333333333,0.5,0.5,0.234375,0.214285714285714,419430397.854167,1.09861228866811,3,0.265307056562833,0.294117647058824,0.333333333333333
"Collared Inca",4,0.333333333333333,2.5,0.375,0,0.727272727272727,0.727272727272727,0.426401432711221,0.625,1.33333333333333,0.5,0.5,0.234375,0.214285714285714,6710885302.00018,1.38629436111989,4,0.353742742083778,0.411764705882353,0.25
"Gorgeted Sunangel",1,0.0833333333333333,0.5,-0.5,0.8,1,1,1,0.5,1,0,0,0.09375,NA,1677720700.50048,0,1,0.0884356855209444,0.117647058823529,0
"Speckled Hummingbird",1,0.0833333333333333,0.5,-0.5,1,1,1,1,0.5,1,0,0,0.09375,NA,1677720700.50048,0,1,0.0884356855209444,0.117647058823529,0
"Tawny-bellied Hermit",4,0.333333333333333,3,0.5,0.2,0.727272727272727,0.727272727272727,0.426401432711221,0.75,2,0,0,0.171875,0.166666666666667,6710885302.00018,1.38629436111989,4,0.353742742083778,0.352941176470588,0.5
"Violet-tailed Sylph",4,0.333333333333333,3.5,0.625,0.4,0.727272727272727,0.727272727272727,0.426401432711221,0.875,2,0,0,0.171875,0.136363636363636,6710885302.00018,1.38629436111989,4,0.353742742083778,0.294117647058824,0.75
