"","degree","normalised.degree","species.strength","interaction.push.pull","nestedrank","PDI","species.specificity.index","resource.range","PSI","node.specialisation.index.NSI","betweenness","weighted.betweenness","closeness","weighted.closeness","Fisher.alpha","partner.diversity","effective.partners","proportional.similarity","proportional.generality","d"
"Centropogon solanifolius",1,0.166666666666667,0.375,-0.625,0.857142857142857,1,1,1,1,2,0,0,0.142441860465116,0.0571496606738898,NA,0,1,0.208695652173913,0.239320477320937,0.579169453742409
"Drymonia tenuis",1,0.166666666666667,0.5,-0.5,0.714285714285714,1,1,1,1,2.83333333333333,0,0,0.0930232558139535,0.0207307592640581,NA,0,1,0.208695652173913,0.239320477320937,0.6714559000759
"Fuchsia macrostigma",2,0.333333333333333,0.525,-0.2375,0.428571428571429,0.8,0.632455532033676,0.8,1,1.5,0.157894736842105,0.0384615384615385,0.168604651162791,0.0542189088444595,NA,0.693147180559945,2,0.273913043478261,0.478640954641873,0.390200951780242
"Gasteranthus pansamalanus",1,0.166666666666667,0.25,-0.75,1,1,1,1,1,2,0,0,0.142441860465116,0.0515740840227785,NA,0,1,0.208695652173913,0.239320477320937,0.435623143345562
"Glossoloma oblongicalyx",2,0.333333333333333,0.65,-0.175,0.285714285714286,0.9,0.683130051063973,0.8,1,1.5,0.157894736842105,0.294871794871795,0.168604651162791,0.06158846926992,NA,0.636514168294813,1.88988157484231,0.273913043478261,0.452287360571305,0.47242154160662
"Mezobromelia capituligera",2,0.333333333333333,0.8,-0.1,0.571428571428571,0.8,0.632455532033676,0.8,1,1.5,0.421052631578947,0.41025641025641,0.156976744186047,0.0398969329232815,NA,0.693147180559945,2,0.0869565217391304,0.478640954641873,0.625820000345512
"Palicourea acetosoides",2,0.333333333333333,0.9,-0.05,0.142857142857143,0.983333333333333,0.910816007114811,0.8,1,2,0.263157894736842,0.256410256410256,0.127906976744186,0.0217993551024116,NA,0.271189373041844,1.31152341404742,0.230434782608696,0.313874409467412,0.650042780273302
"Palicourea lineata",2,0.333333333333333,2,0.5,0,0.976470588235294,0.87975065719587,0.8,1,NA,0,NA,0,NA,NA,0.336495757583516,1.40003292973449,0.495652173913043,0.335056549009088,1
