"","degree","normalised.degree","species.strength","interaction.push.pull","nestedrank","PDI","species.specificity.index","resource.range","PSI","node.specialisation.index.NSI","betweenness","weighted.betweenness","closeness","weighted.closeness","Fisher.alpha","partner.diversity","effective.partners","proportional.similarity","proportional.generality","d"
"Besleria solanoides",3,0.272727272727273,1.61102756892231,0.203675856307435,0.5,0.930769230769231,0.657128740672771,0.8,1,1.4,0.4,0.363636363636364,0.1875,0.153736654804271,NA,0.819229999702013,2.2687522248984,0.281938325991189,0.279213125810663,0.672940255924176
"Gasteranthus quitensis",2,0.181818181818182,1.33333333333333,0.166666666666667,0.666666666666667,0.95,0.71492035298424,0.9,1,2,0,0,0.1328125,0.116129032258065,NA,0.636514168294813,1.88988157484231,0.185022026431718,0.232585884052337,0.611281949020592
"Macleania stricta",4,0.363636363636364,1.89678742310321,0.224196855775803,0,0.9,0.516397779494322,0.7,1,1.4,0.1,0,0.1875,0.091254752851711,NA,1.242453324894,3.46410161513775,0.287812041116006,0.426323610605691,0.360923601366058
"Meriania tomentosa",2,0.181818181818182,1.18181818181818,0.0909090909090909,0.833333333333333,0.96,0.74230748895809,0.9,1,1.8,0,0,0.15625,0.0539325842696629,NA,0.598269588585257,1.81896851165317,0.140969162995595,0.223858682458195,0.725781445637518
"Psammisia ecuadorensis",1,0.0909090909090909,1,0,1,1,1,1,1,NA,0,0,0,NA,NA,0,1,0.158590308370044,0.123069025672545,1
"Psammisia sodiroi",3,0.272727272727273,1.84370015948963,0.281233386496544,0.166666666666667,0.85,0.544058820349418,0.8,1,1.2,0.5,0.636363636363636,0.2109375,0.267657992565056,NA,1.05492016798614,2.87174588749259,0.422907488986784,0.353422968352849,0.612893947085393
"Sarcopera anomala",3,0.272727272727273,2.13333333333333,0.377777777777778,0.333333333333333,0.98,0.825144955465925,0.8,1,2.2,0,0,0.125,0.0363575155697694,NA,0.556646903582107,1.74481215724488,0.280225159079785,0.214732332173738,0.91362915255206
