"","degree","normalised.degree","species.strength","interaction.push.pull","nestedrank","PDI","resource.range","species.specificity.index","PSI","node.specialisation.index.NSI","betweenness","weighted.betweenness","closeness","weighted.closeness","Fisher.alpha","partner.diversity","effective.partners","proportional.generality","proportional.similarity","d"
"Brown Inca",3,0.5,1.33333333333333,0.111111111111111,0,0.6,0.6,0.447213595499958,0.444444444444444,1,0,0,0.25,0.45,NA,1.09861228866811,3,0.513882076006704,0.451612903225806,0.279734602871143
"Collared Inca",1,0.166666666666667,0.285714285714286,-0.714285714285714,0.8,1,1,1,0.285714285714286,1,0,0,0.125,NA,NA,0,1,0.171294025335568,0.225806451612903,0
"Fawn-breasted Brilliant",1,0.166666666666667,0.333333333333333,-0.666666666666667,1,1,1,1,0.333333333333333,1,0,0,0.25,0.3,NA,0,1,0.171294025335568,0.193548387096774,0.123048560425123
"Green-fronted Lancebill",1,0.166666666666667,0.714285714285714,-0.285714285714286,0.6,1,1,1,0.714285714285714,1,0,0,0.125,NA,NA,0,1,0.171294025335568,0.225806451612903,0.646764654097248
"Tawny-bellied Hermit",2,0.333333333333333,2,0.5,0.4,0.866666666666667,0.8,0.651152823843988,1,NA,0,0,0,NA,NA,0.673011667009257,1.96013170420779,0.335758849801619,0.32258064516129,1
"Violet-tailed Sylph",3,0.5,1.33333333333333,0.111111111111111,0.2,0.6,0.6,0.447213595499958,0.444444444444444,1,0,0,0.25,0.45,NA,1.09861228866811,3,0.513882076006704,0.451612903225806,0.279734602871143
