"","degree","normalised.degree","species.strength","interaction.push.pull","nestedrank","PDI","resource.range","species.specificity.index","PSI","node.specialisation.index.NSI","betweenness","weighted.betweenness","closeness","weighted.closeness","Fisher.alpha","partner.diversity","effective.partners","proportional.generality","proportional.similarity","d"
"Booted Racket-tail",3,0.3,1.66666666666667,0.222222222222222,0,0.777777777777778,0.777777777777778,0.509175077217316,0.555555555555556,1,1,1,0.25,0.25,419430397.854167,1.09861228866811,3,0.343141904048078,0.5,0
"Buff-tailed Coronet",1,0.1,0.333333333333333,-0.666666666666667,0.428571428571429,1,1,1,0.333333333333333,1.5,0,0,0.1875,0.166666666666667,1677720700.50048,0,1,0.114380634682693,0.214285714285714,0
"Green-crowned Woodnymph",1,0.1,0.333333333333333,-0.666666666666667,0.571428571428571,1,1,1,0.333333333333333,1.5,0,0,0.1875,0.166666666666667,1677720700.50048,0,1,0.114380634682693,0.214285714285714,0
"Gorgeted Sunangel",1,0.1,1,0,0.714285714285714,1,1,1,1,NA,0,0,0,NA,1677720700.50048,0,1,0.114380634682693,0.0714285714285714,1
"Green-crowned Brilliant",1,0.1,1,0,0.857142857142857,1,1,1,1,NA,0,0,0,NA,1677720700.50048,0,1,0.114380634682693,0.0714285714285714,1
"Stripe-throated Hermit",1,0.1,0.333333333333333,-0.666666666666667,1,1,1,1,0.333333333333333,1.5,0,0,0.1875,0.166666666666667,1677720700.50048,0,1,0.114380634682693,0.214285714285714,0
"Tawny-bellied Hermit",3,0.3,3,0.666666666666667,0.142857142857143,0.777777777777778,0.777777777777778,0.509175077217316,1,NA,0,0,0,NA,419430397.854167,1.09861228866811,3,0.343141904048078,0.214285714285714,1
"Violet-tailed Sylph",3,0.3,2.33333333333333,0.444444444444444,0.285714285714286,0.777777777777778,0.777777777777778,0.509175077217316,0.777777777777778,1.5,0,0,0.1875,0.166666666666667,419430397.854167,1.09861228866811,3,0.343141904048078,0.357142857142857,0.5
