"","degree","normalised.degree","species.strength","interaction.push.pull","nestedrank","PDI","resource.range","species.specificity.index","PSI","node.specialisation.index.NSI","betweenness","weighted.betweenness","closeness","weighted.closeness","Fisher.alpha","partner.diversity","effective.partners","proportional.generality","proportional.similarity","d"
"Booted Racket-tail",3,0.6,2.07142857142857,0.357142857142857,0,0.791666666666667,0.5,0.506160396620911,0.785714285714286,1,1,1,0.25,0.378947368421053,NA,0.994923632571775,2.70451779632421,0.551745359434557,0.63265306122449,0.629330786250653
"Buff-tailed Coronet",1,0.2,0.25,-0.75,0.6,1,1,1,0.25,1.5,0,0,0.1875,0.172248803827751,NA,0,1,0.204008773831865,0.244897959183673,0
"Green-crowned Woodnymph",1,0.2,0.285714285714286,-0.714285714285714,0.8,1,1,1,0.285714285714286,1.5,0,0,0.1875,0.135338345864662,NA,0,1,0.204008773831865,0.142857142857143,0.30081967473285
"Stripe-throated Hermit",1,0.2,0.142857142857143,-0.857142857142857,1,1,1,1,0.142857142857143,1.5,0,0,0.1875,0.0728744939271255,NA,0,1,0.204008773831865,0.142857142857143,0.216908148553054
"Tawny-bellied Hermit",1,0.2,1,0,0.4,1,1,1,1,NA,0,0,0,NA,NA,0,1,0.204008773831865,0.183673469387755,1
"Violet-tailed Sylph",2,0.4,1.25,0.125,0.2,0.916666666666667,0.75,0.728868986855663,0.8125,1.5,0,0,0.1875,0.172248803827751,NA,0.562335144618808,1.75476535060332,0.357987527539226,0.428571428571429,0.72105705434887
