"","degree","normalised.degree","species.strength","interaction.push.pull","nestedrank","PDI","species.specificity.index","resource.range","PSI","node.specialisation.index.NSI","betweenness","weighted.betweenness","closeness","weighted.closeness","Fisher.alpha","partner.diversity","effective.partners","proportional.similarity","proportional.generality","d"
"Besleria solanoides",1,0.166666666666667,0.545454545454546,-0.454545454545454,0.5,1,1,1,1,1.33333333333333,0,0,0.25,0.244897959183673,NA,0,1,0.448979591836735,0.247503342478575,0.523053747614753
"Centropogon solanifolius",1,0.166666666666667,1,0,0.75,1,1,1,1,NA,0,0,0,NA,NA,0,1,0.183673469387755,0.247503342478575,1
"Palicourea demissa",3,0.5,2.18181818181818,0.393939393939394,0.25,0.85,0.560611910581388,0.6,1,1.33333333333333,0,0,0.25,0.131868131868132,NA,0.955699891112534,2.60049000598966,0.510204081632653,0.64362996856457,0.365467419780388
"Psammisia ulbrichiana",3,0.5,1.52272727272727,0.174242424242424,0,0.8,0.5,0.6,1,1,1,1,0.3,0.214285714285714,NA,1.03972077083992,2.82842712474619,0.755102040816327,0.700045167331747,0.216114528632959
"Renealmia sessilifolia",1,0.166666666666667,0.75,-0.25,1,1,1,1,1,1.66666666666667,0,0,0.2,0.214285714285714,NA,0,1,0.244897959183673,0.247503342478575,0.807241167435843
