"","degree","normalised.degree","species.strength","interaction.push.pull","nestedrank","PDI","resource.range","species.specificity.index","PSI","node.specialisation.index.NSI","betweenness","weighted.betweenness","closeness","weighted.closeness","Fisher.alpha","partner.diversity","effective.partners","proportional.generality","proportional.similarity","d"
"Booted Racket-tail",3,0.375,1.75,0.25,0.25,0.714285714285714,0.714285714285714,0.487950036474267,0.583333333333333,1.25,0,0,0.205882352941176,0.194444444444444,419430397.854167,1.09861228866811,3,0.43757423738731,0.538461538461539,0.25
"Green-crowned Woodnymph",2,0.25,0.75,-0.125,0.75,0.857142857142857,0.857142857142857,0.654653670707977,0.375,1.25,0,0,0.205882352941176,0.194444444444444,2941562359.8741,0.693147180559945,2,0.291716158258207,0.461538461538462,0
"Rufous-tailed Hummingbird",1,0.125,0.25,-0.75,1,1,1,1,0.25,1.25,0,0,0.205882352941176,0.175,1677720700.50048,0,1,0.145858079129103,0.307692307692308,0
"Tawny-bellied Hermit",3,0.375,2.5,0.5,0.5,0.714285714285714,0.714285714285714,0.487950036474267,0.833333333333333,1.75,0,0,0.147058823529412,0.125,419430397.854167,1.09861228866811,3,0.43757423738731,0.307692307692308,0.75
"White-whiskered Hermit",4,0.5,2.75,0.4375,0,0.571428571428571,0.571428571428571,0.377964473009227,0.6875,1,1,1,0.235294117647059,0.21875,6710885302.00018,1.38629436111989,4,0.583432316516413,0.557692307692308,0.25
