"","degree","normalised.degree","species.strength","interaction.push.pull","nestedrank","PDI","resource.range","species.specificity.index","PSI","node.specialisation.index.NSI","betweenness","weighted.betweenness","closeness","weighted.closeness","Fisher.alpha","partner.diversity","effective.partners","proportional.generality","proportional.similarity","d"
"Booted Racket-tail",3,0.5,1.82142857142857,0.273809523809524,0,0.866666666666667,0.6,0.581950742474538,0.526190476190476,1.25,0,0,0.205882352941176,0.250712250712251,NA,0.927617334327182,2.528477478218,0.593311630567261,0.672897196261682,0.325384146705634
"Green-crowned Woodnymph",2,0.333333333333333,1,0,0.5,0.971428571428572,0.8,0.858778201865883,0.5,1.25,0,0,0.205882352941176,0.334079045488441,NA,0.376770161256437,1.45756926498109,0.342021158867564,0.598130841121495,0.376789296452293
"Rufous-tailed Hummingbird",1,0.166666666666667,0.0714285714285714,-0.928571428571429,1,1,1,1,0.0714285714285714,1.25,0,0,0.205882352941176,0.0683760683760684,NA,0,1,0.234651736342699,0.523364485981308,0
"Tawny-bellied Hermit",2,0.333333333333333,1.07692307692308,0.0384615384615384,0.75,0.983333333333333,0.8,0.910816007114811,0.928994082840237,1.75,0,0,0.147058823529412,0.0164609053497942,NA,0.271189373041844,1.31152341404742,0.30775124636033,0.189072609633357,0.877459865890345
"White-whiskered Hermit",3,0.5,2.03021978021978,0.343406593406593,0.25,0.733333333333333,0.6,0.478091443733757,0.775706436420722,1,1,1,0.235294117647059,0.126984126984127,NA,1.06094424079075,2.88909770562907,0.677931793089567,0.429238985313752,0.577985491356857
