"","degree","normalised.degree","species.strength","interaction.push.pull","nestedrank","PDI","species.specificity.index","resource.range","PSI","node.specialisation.index.NSI","betweenness","weighted.betweenness","closeness","weighted.closeness","Fisher.alpha","partner.diversity","effective.partners","proportional.similarity","proportional.generality","d"
"Columnea ciliata",1,0.2,0.333333333333333,-0.666666666666667,0.428571428571429,1,1,1,1,2,0,0,0.107758620689655,0.0683760683760684,1677720700.50048,0,1,0.230769230769231,0.217684743620399,0.207518749639422
"Columnea mastersonii",2,0.4,0.583333333333333,-0.208333333333333,0.142857142857143,0.75,0.612372435695795,0.75,1,1.28571428571429,0.5,0.5,0.155172413793103,0.108597285067873,2941562359.8741,0.693147180559945,2,0.538461538461539,0.435369487240798,0
"Gasteranthus quitensis",1,0.2,0.333333333333333,-0.666666666666667,0.571428571428571,1,1,1,1,2,0,0,0.107758620689655,0.0659340659340659,1677720700.50048,0,1,0.230769230769231,0.217684743620399,0.207518749639422
"Glossoloma purpureum",1,0.2,0.333333333333333,-0.666666666666667,0.714285714285714,1,1,1,1,2,0,0,0.107758620689655,0.0683760683760684,1677720700.50048,0,1,0.230769230769231,0.217684743620399,0.207518749639422
"Guzmania amplectens",1,0.2,0.25,-0.75,0.857142857142857,1,1,1,1,1.57142857142857,0,0,0.129310344827586,0.0879120879120879,1677720700.50048,0,1,0.307692307692308,0.217684743620399,0
"Heliconia griggsiana",2,0.4,0.833333333333333,-0.0833333333333333,0.285714285714286,0.75,0.612372435695795,0.75,1,2,0,0,0.107758620689655,0.0839160839160839,2941562359.8741,0.693147180559945,2,0.384615384615385,0.435369487240798,0.27894294565113
"Palicourea demissa",4,0.8,2.08333333333333,0.270833333333333,0,0.25,0.25,0.25,1,1.28571428571429,0.5,0.5,0.155172413793103,0.108597285067873,6710885302.00018,1.38629436111989,4,0.711538461538462,0.870738974481596,0.256885213410317
"Psammisia aberrans",1,0.2,0.25,-0.75,1,1,1,1,1,1.57142857142857,0,0,0.129310344827586,0.0879120879120879,1677720700.50048,0,1,0.307692307692308,0.217684743620399,0
