"","degree","normalised.degree","species.strength","interaction.push.pull","nestedrank","PDI","species.specificity.index","resource.range","PSI","node.specialisation.index.NSI","betweenness","weighted.betweenness","closeness","weighted.closeness","Fisher.alpha","partner.diversity","effective.partners","proportional.similarity","proportional.generality","d"
"Columnea ciliata",1,0.2,0.923076923076923,-0.0769230769230769,0.6,1,1,1,1,2.2,0,0,0.125,0.105109489051095,NA,0,1,0.121495327102804,0.235202572189593,0.960245364724061
"Columnea mastersonii",2,0.4,0.505494505494505,-0.247252747252747,0.2,0.979166666666667,0.906909701734738,0.75,1,1.4,0.4,0.380952380952381,0.1875,0.0616438356164384,NA,0.271189373041844,1.31152341404742,0.338605319913731,0.308473680470829,0.493411971073177
"Gasteranthus quitensis",1,0.2,0.266666666666667,-0.733333333333333,1,1,1,1,1,1.8,0,0,0.15625,0.040920716112532,NA,0,1,0.280373831775701,0.235202572189593,0.354350460790251
"Guzmania amplectens",1,0.2,0.357142857142857,-0.642857142857143,0.8,1,1,1,1,1.6,0,0,0.1640625,0.0551301684532925,NA,0,1,0.261682242990654,0.235202572189593,0.435524561449294
"Heliconia griggsiana",2,0.4,0.258333333333333,-0.370833333333333,0.4,0.75,0.612372435695795,0.75,1,1.8,0,0,0.15625,0.0398781500969261,NA,0.693147180559945,2,0.579439252336449,0.470405144379186,0
"Palicourea demissa",4,0.8,2.68928571428571,0.422321428571429,0,0.75,0.460838853591569,0.25,1,1.2,0.6,0.619047619047619,0.2109375,0.0551301684532925,NA,1.13920611596935,3.12428705877859,0.723965287049399,0.734840352483383,0.36998351169558
