"","degree","normalised.degree","species.strength","interaction.push.pull","nestedrank","PDI","resource.range","species.specificity.index","PSI","node.specialisation.index.NSI","betweenness","weighted.betweenness","closeness","weighted.closeness","Fisher.alpha","partner.diversity","effective.partners","proportional.generality","proportional.similarity","d"
"Andean Emerald",1,0.333333333333333,0.37037037037037,-0.62962962962963,0.5,1,1,1,0.37037037037037,1.33333333333333,0,0,0.147058823529412,0.119485294117647,0.276628966116504,0,1,0.381444790397634,0.5625,0.362961602579895
"Booted Racket-tail",1,0.333333333333333,0.148148148148148,-0.851851851851852,0.666666666666667,1,1,1,0.148148148148148,1.33333333333333,0,0,0.147058823529412,0.0764705882352941,0.427945957592403,0,1,0.381444790397634,0.5625,0.219826413005833
"Green-crowned Woodnymph",1,0.333333333333333,0.037037037037037,-0.962962962962963,0.833333333333333,1,1,1,0.037037037037037,1.33333333333333,0,0,0.147058823529412,0.0273109243697479,1677720700.50048,0,1,0.381444790397634,0.5625,0
"Stripe-throated Hermit",2,0.666666666666667,0.693121693121693,-0.153439153439153,0,0.909090909090909,0.5,0.780683966545555,0.388685388685389,1,1,0.761904761904762,0.176470588235294,0.140196078431373,0.660098715569056,0.429323021930616,1.53621718610039,0.585982042557307,0.708333333333333,0.270138150088806
"Tawny-bellied Hermit",2,0.666666666666667,0.5,-0.25,0.333333333333333,0.9,0.5,0.763762615825973,0.321428571428571,1.66666666666667,0,0,0.117647058823529,0.0731457800511509,1.0505229538638,0.450561208866305,1.5691925832142,0.59856033599766,0.4375,0.429256050193695
"Violet-tailed Sylph",1,0.333333333333333,0.037037037037037,-0.962962962962963,1,1,1,1,0.037037037037037,1.33333333333333,0,0,0.147058823529412,0.0273109243697479,1677720700.50048,0,1,0.381444790397634,0.5625,0
"White-whiskered Hermit",2,0.666666666666667,1.21428571428571,0.107142857142857,0.166666666666667,0.777777777777778,0.5,0.600788436608204,0.620879120879121,1.66666666666667,0,0.238095238095238,0.117647058823529,0.113084737514447,0.660098715569056,0.617241769730342,1.85380775496353,0.707125310529571,0.4375,0.633683002825473
