"","degree","normalised.degree","species.strength","interaction.push.pull","nestedrank","PDI","resource.range","species.specificity.index","PSI","node.specialisation.index.NSI","betweenness","weighted.betweenness","closeness","weighted.closeness","Fisher.alpha","partner.diversity","effective.partners","proportional.generality","proportional.similarity","d"
"Andean Emerald",1,0.25,0.2,-0.8,0.428571428571429,1,1,1,0.2,1.33333333333333,0,0,0.147058823529412,0.116071428571429,1677720700.50048,0,1,0.289186262384696,0.454545454545455,0
"Booted Racket-tail",1,0.25,0.2,-0.8,0.571428571428571,1,1,1,0.2,1.33333333333333,0,0,0.147058823529412,0.116071428571429,1677720700.50048,0,1,0.289186262384696,0.454545454545455,0
"Buff-tailed Coronet",1,0.25,1,0,0.714285714285714,1,1,1,1,NA,0,0,0,NA,1677720700.50048,0,1,0.289186262384696,0.0909090909090909,1
"Green-crowned Woodnymph",1,0.25,0.2,-0.8,0.857142857142857,1,1,1,0.2,1.33333333333333,0,0,0.147058823529412,0.116071428571429,1677720700.50048,0,1,0.289186262384696,0.454545454545455,0
"Stripe-throated Hermit",2,0.5,0.533333333333333,-0.233333333333333,0,0.666666666666667,0.666666666666667,0.577350269189626,0.266666666666667,1,1,1,0.176470588235294,0.154761904761905,2941562359.8741,0.693147180559945,2,0.578372524769392,0.727272727272727,0
"Tawny-bellied Hermit",2,0.5,0.833333333333333,-0.0833333333333333,0.142857142857143,0.666666666666667,0.666666666666667,0.577350269189626,0.416666666666667,1.66666666666667,0,0,0.117647058823529,0.0977443609022557,2941562359.8741,0.693147180559945,2,0.578372524769392,0.454545454545455,0.338358104107972
"Violet-tailed Sylph",1,0.25,0.2,-0.8,1,1,1,1,0.2,1.33333333333333,0,0,0.147058823529412,0.116071428571429,1677720700.50048,0,1,0.289186262384696,0.454545454545455,0
"White-whiskered Hermit",2,0.5,0.833333333333333,-0.0833333333333333,0.285714285714286,0.666666666666667,0.666666666666667,0.577350269189626,0.416666666666667,1.66666666666667,0,0,0.117647058823529,0.0977443609022557,2941562359.8741,0.693147180559945,2,0.578372524769392,0.454545454545455,0.338358104107972
