"","degree","normalised.degree","species.strength","interaction.push.pull","nestedrank","PDI","species.specificity.index","resource.range","PSI","node.specialisation.index.NSI","betweenness","weighted.betweenness","closeness","weighted.closeness","Fisher.alpha","partner.diversity","effective.partners","proportional.similarity","proportional.generality","d"
"Columnea ciliata",2,0.285714285714286,0.533333333333333,-0.233333333333333,0.6,0.833333333333333,0.645497224367903,0.833333333333333,1,1,0,0,0.2,0.238095238095238,2941562359.8741,0.693147180559945,2,0.571428571428571,0.354632601834731,0
"Columnea mastersonii",3,0.428571428571429,1.03333333333333,0.0111111111111111,0.2,0.666666666666667,0.471404520791032,0.666666666666667,1,1,0,0,0.2,0.252100840336135,419430397.854167,1.09861228866811,3,0.69047619047619,0.531948902752096,0
"Glossoloma purpureum",3,0.428571428571429,1.03333333333333,0.0111111111111111,0.4,0.666666666666667,0.471404520791032,0.666666666666667,1,1,0,0,0.2,0.252100840336135,419430397.854167,1.09861228866811,3,0.69047619047619,0.531948902752096,0
"Heliconia impudica",1,0.142857142857143,1,0,0.8,1,1,1,1,NA,0,0,0,NA,1677720700.50048,0,1,0.0714285714285714,0.177316300917365,1
"Palicourea demissa",4,0.571428571428571,3.2,0.55,0,0.5,0.353553390593274,0.5,1,1,0,0,0.2,0.178571428571429,6710885302.00018,1.38629436111989,4,0.464285714285714,0.709265203669461,0.555936391692488
"Salvia quitensis",1,0.142857142857143,0.2,-0.8,1,1,1,1,1,1,0,0,0.2,0.178571428571429,1677720700.50048,0,1,0.357142857142857,0.177316300917365,0
