"","degree","normalised.degree","species.strength","interaction.push.pull","nestedrank","PDI","species.specificity.index","resource.range","PSI","node.specialisation.index.NSI","betweenness","weighted.betweenness","closeness","weighted.closeness","Fisher.alpha","partner.diversity","effective.partners","proportional.similarity","proportional.generality","d"
"Columnea mastersonii",2,0.285714285714286,1.52564102564103,0.262820512820513,1,0.907407407407407,0.681385143869247,0.833333333333333,1,1.5,0,0,0.3,0.194444444444444,0.638514976632965,0.651756561172653,1.91890855059733,0.395833333333333,0.363892352615491,0.746092467041797
"Glossoloma purpureum",3,0.428571428571429,0.628205128205128,-0.123931623931624,0.5,0.875,0.577350269189626,0.666666666666667,1,1,1,1,0.4,0.178571428571429,1.98881626927183,0.955699891112534,2.60049000598966,0.666666666666667,0.493144097949889,0.209584805427867
"Palicourea demissa",5,0.714285714285714,4.84615384615385,0.769230769230769,0,0.757575757575757,0.464565128943871,0.333333333333333,1,1.5,0,0,0.3,0.327380952380952,1.80509375445441,1.26073033358944,3.52799716153072,0.604166666666667,0.669031980044361,0.879083629327323
