"","degree","normalised.degree","species.strength","interaction.push.pull","nestedrank","PDI","species.specificity.index","resource.range","PSI","node.specialisation.index.NSI","betweenness","weighted.betweenness","closeness","weighted.closeness","Fisher.alpha","partner.diversity","effective.partners","proportional.similarity","proportional.generality","d"
"Columnea mastersonii",2,0.25,1,0,0.666666666666667,0.857142857142857,0.654653670707977,0.857142857142857,1,1.5,0,0,0.3,0.333333333333333,2941562359.8741,0.693147180559945,2,0.363636363636364,0.265360019214808,0
"Glossoloma purpureum",3,0.375,1.5,0.166666666666667,0.333333333333333,0.714285714285714,0.487950036474267,0.714285714285714,1,1,1,1,0.4,0.444444444444444,419430397.854167,1.09861228866811,3,0.545454545454545,0.398040028822212,0
"Heliconia impudica",1,0.125,1,0,1,1,1,1,1,NA,0,0,0,NA,1677720700.50048,0,1,0.0909090909090909,0.132680009607404,1
"Palicourea demissa",5,0.625,4.5,0.7,0,0.428571428571429,0.29277002188456,0.428571428571429,1,1.5,0,0,0.3,0.266666666666667,838860790,1.6094379124341,5,0.545454545454545,0.663400048037021,0.666666666666667
