"","degree","normalised.degree","species.strength","interaction.push.pull","nestedrank","PDI","species.specificity.index","resource.range","PSI","node.specialisation.index.NSI","betweenness","weighted.betweenness","closeness","weighted.closeness","Fisher.alpha","partner.diversity","effective.partners","proportional.similarity","proportional.generality","d"
"Besleria solanoides",3,0.3,1.00882352941176,0.00294117647058826,0.25,0.907407407407407,0.582102203402986,0.777777777777778,1,1.4,0.444444444444444,0.4,0.141176470588235,0.0532955822958738,NA,0.994923632571775,2.70451779632421,0.312252964426877,0.317256454910474,0.405373904534428
"Centropogon solanifolius",1,0.1,0.428571428571429,-0.571428571428571,0.75,1,1,1,1,1.8,0,0,0.117647058823529,0.118031577545312,NA,0,1,0.2117202268431,0.117306107337015,0.553615255741318
"Macleania bullata",4,0.4,1.76917293233083,0.192293233082707,0.125,0.822222222222222,0.473491931092805,0.666666666666667,1,1.6,0.0555555555555556,0.1,0.135294117647059,0.111054341434259,NA,1.26585675187274,3.54612958817451,0.381852551984877,0.415982658101364,0.437470136995393
"Macleania stricta",2,0.2,1.25696594427245,0.128482972136223,0.375,0.986111111111111,0.883471143842708,0.888888888888889,1,1.4,0.111111111111111,0,0.141176470588235,0.0901761252446184,NA,0.348832095843032,1.41741118113173,0.264650283553875,0.166270988154524,0.87609179395491
"Meriania tomentosa",2,0.2,1.2,0.1,0.625,0.962962962962963,0.763762615825973,0.888888888888889,1,1,0,0,0.0705882352941176,NA,NA,0.562335144618808,1.75476535060332,0.181474480151229,0.205844692569148,0.7880236205796
"Mezobromelia capituligera",4,0.4,2.28646616541353,0.321616541353383,0,0.819444444444444,0.483801608067561,0.666666666666667,1,1.2,0.388888888888889,0.5,0.158823529411765,0.153360757218739,NA,1.2284916775246,3.41607310864202,0.420019803762715,0.400726238753451,0.625791493739457
"Psammisia sodiroi",1,0.1,0.4,-0.6,0.875,1,1,1,1,1,0,0,0.0705882352941176,NA,NA,0,1,0.113421550094518,0.117306107337015,0.580995747168557
"Sarcopera anomala",2,0.2,1.25,0.125,0.5,0.988888888888889,0.903518273689429,0.888888888888889,1,2.2,0,0,0.0941176470588235,0.0229339077427819,NA,0.304636097349238,1.35613141338627,0.158790170132325,0.159082497141788,0.925319592221942
"Tillandsia complanata",1,0.1,0.4,-0.6,1,1,1,1,1,1,0,0,0.0705882352941176,NA,NA,0,1,0.113421550094518,0.117306107337015,0.580995747168557
