"","degree","normalised.degree","species.strength","interaction.push.pull","nestedrank","PDI","resource.range","species.specificity.index","PSI","node.specialisation.index.NSI","betweenness","weighted.betweenness","closeness","weighted.closeness","Fisher.alpha","partner.diversity","effective.partners","proportional.generality","proportional.similarity","d"
"Booted Racket-tail",1,0.1,0.5,-0.5,0.428571428571429,1,1,1,0.5,1.66666666666667,0,0,0.133333333333333,0.2,1677720700.50048,0,1,0.109583455301148,0.133333333333333,0.369070246428543
"Buff-tailed Coronet",4,0.4,2.5,0.375,0,0.666666666666667,0.666666666666667,0.408248290463863,0.625,1,1,1,0.2,0.333333333333333,6710885302.00018,1.38629436111989,4,0.438333821204594,0.466666666666667,0.345687124043405
"Collared Inca",1,0.1,0.333333333333333,-0.666666666666667,0.571428571428571,1,1,1,0.333333333333333,1,0,0,0.133333333333333,NA,1677720700.50048,0,1,0.109583455301148,0.2,0
"Fawn-breasted Brilliant",1,0.1,0.5,-0.5,0.714285714285714,1,1,1,0.5,1.66666666666667,0,0,0.133333333333333,0.2,1677720700.50048,0,1,0.109583455301148,0.133333333333333,0.369070246428543
"Gorgeted Sunangel",2,0.2,2,0.5,0.285714285714286,0.888888888888889,0.888888888888889,0.666666666666667,1,NA,0,0,0,NA,2941562359.8741,0.693147180559945,2,0.219166910602297,0.133333333333333,1
"Green-crowned Brilliant",1,0.1,0.333333333333333,-0.666666666666667,0.857142857142857,1,1,1,0.333333333333333,1,0,0,0.133333333333333,NA,1677720700.50048,0,1,0.109583455301148,0.2,0
"Tawny-bellied Hermit",4,0.4,3.33333333333333,0.583333333333333,0.142857142857143,0.666666666666667,0.666666666666667,0.408248290463863,0.833333333333333,1,0,0,0.133333333333333,NA,6710885302.00018,1.38629436111989,4,0.438333821204594,0.4,0.654312875956595
"Violet-tailed Sylph",1,0.1,0.5,-0.5,1,1,1,1,0.5,1.66666666666667,0,0,0.133333333333333,0.2,1677720700.50048,0,1,0.109583455301148,0.133333333333333,0.369070246428543
