"","degree","normalised.degree","species.strength","interaction.push.pull","nestedrank","PDI","resource.range","species.specificity.index","PSI","node.specialisation.index.NSI","betweenness","weighted.betweenness","closeness","weighted.closeness","Fisher.alpha","partner.diversity","effective.partners","proportional.generality","proportional.similarity","d"
"Booted Racket-tail",1,0.25,0.333333333333333,-0.666666666666667,0.333333333333333,1,1,1,0.333333333333333,1.66666666666667,0,0,0.133333333333333,0.171428571428571,1677720700.50048,0,1,0.261292926062263,0.272727272727273,0.207518749639422
"Buff-tailed Coronet",3,0.75,1.66666666666667,0.222222222222222,0,0.666666666666667,0.333333333333333,0.408248290463863,0.583333333333333,1,1,1,0.2,0.342857142857143,5.4525555311395,1.03972077083992,2.82842712474619,0.739047999578804,0.636363636363636,0.432417854008331
"Collared Inca",1,0.25,0.25,-0.75,0.5,1,1,1,0.25,1,0,0,0.133333333333333,NA,1677720700.50048,0,1,0.261292926062263,0.363636363636364,0
"Fawn-breasted Brilliant",1,0.25,0.5,-0.5,0.666666666666667,1,1,1,0.5,1.66666666666667,0,0,0.133333333333333,0.19047619047619,1677720700.50048,0,1,0.261292926062263,0.181818181818182,0.5
"Green-crowned Brilliant",1,0.25,0.5,-0.5,0.166666666666667,1,1,1,0.5,1,0,0,0.133333333333333,NA,0.795926633452104,0,1,0.261292926062263,0.363636363636364,0.44211410869774
"Tawny-bellied Hermit",1,0.25,0.25,-0.75,0.833333333333333,1,1,1,0.25,1,0,0,0.133333333333333,NA,1677720700.50048,0,1,0.261292926062263,0.363636363636364,0
"Violet-tailed Sylph",1,0.25,0.5,-0.5,1,1,1,1,0.5,1.66666666666667,0,0,0.133333333333333,0.19047619047619,1677720700.50048,0,1,0.261292926062263,0.181818181818182,0.5
