"","degree","normalised.degree","species.strength","interaction.push.pull","nestedrank","PDI","species.specificity.index","resource.range","PSI","node.specialisation.index.NSI","betweenness","weighted.betweenness","closeness","weighted.closeness","Fisher.alpha","partner.diversity","effective.partners","proportional.similarity","proportional.generality","d"
"Centropogon solanifolius",3,0.428571428571429,3,0.666666666666667,0,0.833333333333333,0.520416499866533,0.666666666666667,1,NA,0,0,0,NA,5.4525555311395,1.03972077083992,2.82842712474619,0.363636363636364,0.482854119268766,1
"Faramea calyptrata",2,0.285714285714286,1.25,0.125,0.666666666666667,0.833333333333333,0.645497224367903,0.833333333333333,1,1,0,0,0.333333333333333,0.375,2941562359.8741,0.693147180559945,2,0.454545454545455,0.341429422058802,0.333333333333333
"Palicourea demissa",2,0.285714285714286,1.25,0.125,1,0.833333333333333,0.645497224367903,0.833333333333333,1,1,0,0,0.333333333333333,0.375,2941562359.8741,0.693147180559945,2,0.454545454545455,0.341429422058802,0.333333333333333
"Palicourea lineata",2,0.285714285714286,1.5,0.25,0.333333333333333,0.916666666666667,0.693888666488711,0.833333333333333,1,1,0,0,0.333333333333333,0.75,2.62230229845195,0.636514168294813,1.88988157484231,0.454545454545455,0.322630586928994,0.333333333333333
