"","degree","normalised.degree","species.strength","interaction.push.pull","nestedrank","PDI","species.specificity.index","resource.range","PSI","node.specialisation.index.NSI","betweenness","weighted.betweenness","closeness","weighted.closeness","Fisher.alpha","partner.diversity","effective.partners","proportional.similarity","proportional.generality","d"
"Besleria solanoides",6,0.857142857142857,1.87418797418797,0.145697995697996,0,0.941176470588235,0.70117823245848,0.166666666666667,1,1,0.875,1,0.25,0.0524954431038972,NA,0.950969503292823,2.58821772893926,0.688363910530284,0.550014470316325,0.0493851710311978
"Columnea mastersonii",2,0.285714285714286,1.8,0.4,0.75,0.833333333333333,0.645497224367903,0.833333333333333,1,1.75,0,0,0.15625,0.0524954431038972,NA,0.693147180559945,2,0.0780346820809248,0.425014065985661,0.939979638841161
"Meriania tomentosa",2,0.285714285714286,1.31081081081081,0.155405405405405,0.5,0.966666666666667,0.822147143719375,0.833333333333333,1,1.5,0,0,0.1875,0.0532223829688375,NA,0.450561208866305,1.5691925832142,0.283236994219653,0.333464460053204,0.768267226645762
"Sarcopera anomala",3,0.428571428571429,1.13707913707914,0.0456930456930457,0.25,0.8,0.570148112794751,0.666666666666667,1,1.25,0.125,0,0.21875,0.0481051788846262,NA,0.934769897858279,2.54662740589544,0.686284813452444,0.541176234165069,0.111949135632665
"Tillandsia complanata",2,0.285714285714286,0.877922077922078,-0.061038961038961,1,0.833333333333333,0.645497224367903,0.833333333333333,1,1.5,0,0,0.1875,0.0378661711340568,NA,0.693147180559945,2,0.488439306358382,0.425014065985661,0.253539368134625
