"","degree","normalised.degree","species.strength","interaction.push.pull","nestedrank","PDI","resource.range","species.specificity.index","PSI","node.specialisation.index.NSI","betweenness","weighted.betweenness","closeness","weighted.closeness","Fisher.alpha","partner.diversity","effective.partners","proportional.generality","proportional.similarity","d"
"Booted Racket-tail",2,0.4,0.485714285714286,-0.257142857142857,0.714285714285714,0.875,0.75,0.666666666666667,0.257142857142857,1.14285714285714,0,0.0909090909090909,0.125,0.133413372293837,NA,0.636514168294813,1.88988157484231,0.427266678975754,0.397790055248619,0.313909129595449
"Brown Inca",2,0.4,0.704761904761905,-0.147619047619048,0.285714285714286,0.958333333333333,0.75,0.832993127835043,0.508843537414966,1.14285714285714,0,0,0.125,0.139273690664877,NA,0.410116318288409,1.50699306577254,0.340702788483372,0.37490134175217,0.546345439585139
"Green-crowned Woodnymph",2,0.4,0.417391304347826,-0.291304347826087,0.428571428571429,0.9,0.75,0.699854212223765,0.212422360248447,1,0.333333333333333,0.454545454545455,0.134615384615385,0.106295476115153,NA,0.598269588585257,1.81896851165317,0.411234569129216,0.546961325966851,0.15999373237861
"Purple-bibbed Whitetip",1,0.2,0.133333333333333,-0.866666666666667,1,1,1,1,0.133333333333333,1.14285714285714,0,0,0.125,0.049682427664079,NA,0,1,0.226081191892357,0.165745856353591,0.292473337766608
"Stripe-throated Hermit",2,0.4,0.592391304347826,-0.203804347826087,0.571428571428571,0.9,0.75,0.699854212223765,0.262422360248447,1.57142857142857,0,0,0.0961538461538462,0.0804148384523335,NA,0.598269588585257,1.81896851165317,0.411234569129216,0.469613259668508,0.257334972280255
"Tawny-bellied Hermit",5,1,1.3065734989648,0.0613146997929607,0,0.895833333333333,0,0.633207357106205,0.727295700889051,1,0.333333333333333,0,0.134615384615385,0.0659721860684832,NA,1.00760892512795,2.73904391979808,0.619246314033464,0.426714332141696,0.493784558384907
"White-necked Jacobin",1,0.2,0.2,-0.8,0.857142857142857,1,1,1,0.2,1.14285714285714,0,0,0.125,0.0740489686203471,NA,0,1,0.226081191892357,0.165745856353591,0.341028163022375
"White-whiskered Hermit",4,0.8,1.15983436853002,0.0399585921325052,0.142857142857143,0.909722222222222,0.25,0.681767064836329,0.472045464148392,1,0.333333333333333,0.454545454545455,0.134615384615385,0.104677178660628,NA,0.823976515559956,2.27954649062264,0.515362587574006,0.571654075995039,0.332640864538933
