"","degree","normalised.degree","species.strength","interaction.push.pull","nestedrank","PDI","resource.range","species.specificity.index","PSI","node.specialisation.index.NSI","betweenness","weighted.betweenness","closeness","weighted.closeness","Fisher.alpha","partner.diversity","effective.partners","proportional.generality","proportional.similarity","d"
"Booted Racket-tail",2,0.4,0.392857142857143,-0.303571428571429,0.285714285714286,0.75,0.75,0.612372435695795,0.196428571428571,1.14285714285714,0,0,0.125,0.121212121212121,2941562359.8741,0.693147180559945,2,0.459686958545747,0.578947368421053,0
"Brown Inca",2,0.4,0.392857142857143,-0.303571428571429,0.428571428571429,0.75,0.75,0.612372435695795,0.196428571428571,1.14285714285714,0,0,0.125,0.121212121212121,2941562359.8741,0.693147180559945,2,0.459686958545747,0.578947368421053,0
"Green-crowned Woodnymph",2,0.4,0.392857142857143,-0.303571428571429,0.571428571428571,0.75,0.75,0.612372435695795,0.196428571428571,1,0.333333333333333,0,0.134615384615385,0.111111111111111,2941562359.8741,0.693147180559945,2,0.459686958545747,0.578947368421053,0
"Purple-bibbed Whitetip",1,0.2,0.142857142857143,-0.857142857142857,0.857142857142857,1,1,1,0.142857142857143,1.14285714285714,0,0,0.125,0.0888888888888889,1677720700.50048,0,1,0.229843479272873,0.368421052631579,0
"Stripe-throated Hermit",2,0.4,0.583333333333333,-0.208333333333333,0.714285714285714,0.75,0.75,0.612372435695795,0.291666666666667,1.57142857142857,0,0,0.0961538461538462,0.0952380952380952,2941562359.8741,0.693147180559945,2,0.459686958545747,0.368421052631579,0.254275467727115
"Tawny-bellied Hermit",5,1,1.97619047619048,0.195238095238095,0,0,0,0,0.395238095238095,1,0.333333333333333,0.5,0.134615384615385,0.156862745098039,838860790,1.6094379124341,5,1.14921739636437,0.810526315789474,0.087759095301993
"White-necked Jacobin",1,0.2,0.142857142857143,-0.857142857142857,1,1,1,1,0.142857142857143,1.14285714285714,0,0,0.125,0.0888888888888889,1677720700.50048,0,1,0.229843479272873,0.368421052631579,0
"White-whiskered Hermit",4,0.8,0.976190476190476,-0.00595238095238096,0.142857142857143,0.25,0.25,0.25,0.244047619047619,1,0.333333333333333,0.5,0.134615384615385,0.156862745098039,6710885302.00018,1.38629436111989,4,0.919373917091494,0.828947368421053,0
