"","degree","normalised.degree","species.strength","interaction.push.pull","nestedrank","PDI","species.specificity.index","resource.range","PSI","node.specialisation.index.NSI","betweenness","weighted.betweenness","closeness","weighted.closeness","Fisher.alpha","partner.diversity","effective.partners","proportional.similarity","proportional.generality","d"
"Centropogon solanifolius",1,0.125,0.2,-0.8,1,1,1,1,1,1,0,0,0.2,0.125,1677720700.50048,0,1,0.263157894736842,0.144106913860303,0
"Columnea picta",3,0.375,0.95,-0.0166666666666666,0.75,0.714285714285714,0.487950036474267,0.714285714285714,1,1,0,0,0.2,0.214285714285714,419430397.854167,1.09861228866811,3,0.578947368421053,0.43232074158091,0
"Heliconia virginalis",4,0.5,1.45,0.1125,0.25,0.571428571428571,0.377964473009227,0.571428571428571,1,1,0,0,0.2,0.230769230769231,6710885302.00018,1.38629436111989,4,0.671052631578947,0.576427655441213,0
"Palicourea demissa",7,0.875,3.95,0.421428571428571,0,0.142857142857143,0.142857142857143,0.142857142857143,1,1,0,0,0.2,0.24,838860799.928571,1.94591014905531,7,0.706766917293233,1.00874839702212,0.152932680260361
"Psammisia ulbrichiana",4,0.5,1.45,0.1125,0.5,0.571428571428571,0.377964473009227,0.571428571428571,1,1,0,0,0.2,0.222222222222222,6710885302.00018,1.38629436111989,4,0.671052631578947,0.576427655441213,0
