"","degree","normalised.degree","species.strength","interaction.push.pull","nestedrank","PDI","species.specificity.index","resource.range","PSI","node.specialisation.index.NSI","betweenness","weighted.betweenness","closeness","weighted.closeness","Fisher.alpha","partner.diversity","effective.partners","proportional.similarity","proportional.generality","d"
"Centropogon solanifolius",1,0.125,0.705882352941176,-0.294117647058824,1,1,1,1,1,1,0,0,0.2,0.323450134770889,NA,0,1,0.187845303867403,0.152120064897617,0.789792678580731
"Columnea picta",3,0.375,0.507803121248499,-0.1640656262505,0.75,0.857142857142857,0.566946709513841,0.714285714285714,1,1,0,0,0.2,0.0859107054896574,NA,0.974314752869349,2.6493511285621,0.511740331491713,0.403019465613441,0
"Heliconia virginalis",4,0.5,2.2515006002401,0.312875150060024,0.25,0.869047619047619,0.527657938773849,0.571428571428571,1,1,0,0.625,0.2,0.136128294130194,NA,1.13926556715537,3.1244728068711,0.546240691808792,0.47529500615207,0.541306909190634
"Palicourea demissa",7,0.875,2.86154461784714,0.265934945406734,0,0.428571428571429,0.212319017234361,0.142857142857143,1,1,0,0.25,0.2,0.0775984710227191,NA,1.86404357975203,6.4497642499995,0.537384898710866,0.981138556284252,0.281875249189488
"Psammisia ulbrichiana",4,0.5,1.67326930772309,0.168317326930772,0.5,0.892857142857143,0.579031059555555,0.571428571428571,1,1,0,0.125,0.2,0.0864913348496012,NA,1.05472091690681,2.87117374602673,0.397000789265983,0.436763136577919,0.583410067263751
