"","degree","normalised.degree","species.strength","interaction.push.pull","nestedrank","PDI","species.specificity.index","resource.range","PSI","node.specialisation.index.NSI","betweenness","weighted.betweenness","closeness","weighted.closeness","Fisher.alpha","partner.diversity","effective.partners","proportional.similarity","proportional.generality","d"
"Centropogon solanifolius",1,0.125,0.2,-0.8,0.8,1,1,1,1,1.2,0,0,0.166666666666667,0.0909090909090909,1677720700.50048,0,1,0.25,0.143219347441048,0
"Columnea ciliata",1,0.125,0.333333333333333,-0.666666666666667,1,1,1,1,1,1.6,0,0,0.12962962962963,0.0798226164079823,1677720700.50048,0,1,0.15,0.143219347441048,0.317393805514015
"Columnea picta",3,0.375,0.783333333333333,-0.0722222222222222,0.6,0.714285714285714,0.487950036474267,0.714285714285714,1,1,0.5,0.333333333333333,0.185185185185185,0.163636363636364,419430397.854167,1.09861228866811,3,0.6,0.429658042323143,0
"Heliconia virginalis",4,0.5,1.28333333333333,0.0708333333333333,0.2,0.571428571428571,0.377964473009227,0.571428571428571,1,1,0.5,0.666666666666667,0.185185185185185,0.172248803827751,6710885302.00018,1.38629436111989,4,0.7,0.57287738976419,0
"Palicourea demissa",7,0.875,3.95,0.421428571428571,0,0.142857142857143,0.142857142857143,0.142857142857143,1,1.2,0,0,0.166666666666667,0.159645232815965,838860799.928571,1.94591014905531,7,0.685714285714286,1.00253543208733,0.206623475827117
"Psammisia ulbrichiana",4,0.5,1.45,0.1125,0.4,0.571428571428571,0.377964473009227,0.571428571428571,1,1.2,0,0,0.166666666666667,0.145454545454545,6710885302.00018,1.38629436111989,4,0.65,0.57287738976419,0.0846925968529286
