"","degree","normalised.degree","species.strength","interaction.push.pull","nestedrank","PDI","resource.range","species.specificity.index","PSI","node.specialisation.index.NSI","betweenness","weighted.betweenness","closeness","weighted.closeness","Fisher.alpha","partner.diversity","effective.partners","proportional.generality","proportional.similarity","d"
"Booted Racket-tail",1,0.333333333333333,0.333333333333333,-0.666666666666667,0,1,1,1,0.333333333333333,1,0,0,0.333333333333333,0.5,1677720700.50048,0,1,0.386636408986352,0.6,0
"Brown Inca",1,0.333333333333333,1,0,0.25,1,1,1,1,NA,0,0,0,NA,1677720700.50048,0,1,0.386636408986352,0.2,1
"Green-crowned Woodnymph",1,0.333333333333333,0.333333333333333,-0.666666666666667,0.5,1,1,1,0.333333333333333,1,0,0,0.333333333333333,0.5,1677720700.50048,0,1,0.386636408986352,0.6,0
"Purple-bibbed Whitetip",1,0.333333333333333,0.333333333333333,-0.666666666666667,0.75,1,1,1,0.333333333333333,1,0,0,0.333333333333333,0.5,1677720700.50048,0,1,0.386636408986352,0.6,0
"Tawny-bellied Hermit",1,0.333333333333333,1,0,1,1,1,1,1,NA,0,NA,0,NA,1677720700.50048,0,1,0.386636408986352,0.2,1
