"","degree","normalised.degree","species.strength","interaction.push.pull","nestedrank","PDI","species.specificity.index","resource.range","PSI","node.specialisation.index.NSI","betweenness","weighted.betweenness","closeness","weighted.closeness","Fisher.alpha","partner.diversity","effective.partners","proportional.similarity","proportional.generality","d"
"Besleria solanoides",3,0.3,0.925490196078431,-0.0248366013071896,0.25,0.930555555555556,0.628597470365706,0.777777777777778,1,1.4,0.444444444444444,0.4,0.141176470588235,0.0522005097706032,NA,0.925129083572082,2.52219381313282,0.295702546140375,0.291005152217982,0.478502307851484
"Centropogon solanifolius",1,0.1,0.428571428571429,-0.571428571428571,0.75,1,1,1,1,1.8,0,0,0.117647058823529,0.118965250167811,NA,0,1,0.19614711033275,0.115377791628362,0.572557865298754
"Macleania bullata",4,0.4,1.6974025974026,0.174350649350649,0.125,0.822222222222222,0.473491931092805,0.666666666666667,1,1.6,0.0555555555555556,0.1,0.135294117647059,0.111568447048569,NA,1.26585675187274,3.54612958817451,0.364273204903678,0.409144600711567,0.432703556784047
"Macleania stricta",2,0.2,1.21390374331551,0.106951871657754,0.375,0.986111111111111,0.883471143842708,0.888888888888889,1,1.4,0.111111111111111,0,0.141176470588235,0.0897196261682243,NA,0.348832095843032,1.41741118113173,0.25569176882662,0.163537771908327,0.872106019289132
"Meriania tomentosa",2,0.2,1.2,0.1,0.625,0.962962962962963,0.763762615825973,0.888888888888889,1,1,0,0,0.0705882352941176,NA,NA,0.562335144618808,1.75476535060332,0.168126094570928,0.202460950978579,0.797018967849875
"Mezobromelia capituligera",4,0.4,2.4012987012987,0.350324675324675,0,0.805555555555556,0.458568059103684,0.666666666666667,1,1.2,0.388888888888889,0.5,0.158823529411765,0.158328752061572,NA,1.2945451658449,3.6493357540631,0.422066549912434,0.421052300214223,0.635167651493768
"Psammisia sodiroi",1,0.1,0.4,-0.6,0.875,1,1,1,1,1,0,0,0.0705882352941176,NA,NA,0,1,0.10507880910683,0.115377791628362,0.580995747168557
"Sarcopera anomala",2,0.2,1.33333333333333,0.166666666666667,0.5,0.984126984126984,0.870025542409213,0.888888888888889,1,2.2,0,0,0.0941176470588235,0.0315497586525624,NA,0.376770161256437,1.45756926498109,0.21015761821366,0.168171122938893,0.914522377319778
"Tillandsia complanata",1,0.1,0.4,-0.6,1,1,1,1,1,1,0,0,0.0705882352941176,NA,NA,0,1,0.10507880910683,0.115377791628362,0.580995747168557
